Country,Company,Business register name,Business number,VAT number name,VAT number
Netherlands,De Bijenkorf,KvK,33116577,BTW,NL003177397B01
Netherlands,Zalando.nl,KvK,HRB 158855 B,BTW,
Netherlands,Sliponline,KvK,KVK,BTW,NL23RABO012842
Netherlands,Sliponline,KvK,17044923,BTW,NL23RABO012842
Netherlands,Naron,KvK,20081747,BTW,NL804811179B01
Netherlands,Douglas.nl,KvK,10005918,BTW,NL 002501
Netherlands,Attitude Holland,KvK,17113085,BTW,
Netherlands,bol.com,KvK,,BTW,
Netherlands,Timarco.nl,KvK,,BTW,
Netherlands,beslist.nl,KvK,09145924,BTW,NL8140 27
Netherlands,Nelly.com,KvK,556653,BTW,
Netherlands,gerstaecker.nl,KvK,,BTW,
Netherlands,Been+Body,KvK,65647181,BTW,NL165847369 B01
Netherlands,Oroblu Webshop,KvK,16039144,BTW,NL803192216B01
Netherlands,Jambelles.nl,KvK,51248867,BTW,NL823173203B02
Netherlands,Beenmode.nl,KvK,172 222 57,BTW,NL42RABO0161024246
Netherlands,Ondermodeshoppen.nl,KvK,16061436,BTW,NL814898725B01
Netherlands,Chilly Hilversum,KvK,32130863,BTW,NL818986773B01
Netherlands,Sloggies.nl,KvK,52471217,BTW,NL850460591B01
Netherlands,V&D,KvK,67282970,BTW,NL856001
Netherlands,V&D,KvK,67282970,BTW,NL852657092B01
Netherlands,V&D,KvK,HRB 98273,BTW,NL856001
Netherlands,V&D,KvK,HRB 98273,BTW,NL852657092B01
Netherlands,V&D,KvK,57611084,BTW,NL856001
Netherlands,V&D,KvK,57611084,BTW,NL852657092B01
Netherlands,OTTO,KvK,18022051,BTW,NL004677638B01
Netherlands,JustUnderwear.nl,KvK,,BTW,NL18  2290 5777 23
Netherlands,JustUnderwear.nl,KvK,,BTW,NL853111352B01
Netherlands,Underwear Online,KvK,,BTW,
Netherlands,Sloggies.be,KvK,52471217,BTW,
Netherlands,Drogist.nl,KvK,71985832,BTW,NL825756595B04
Netherlands,Wehkamp,KvK,,BTW,
Netherlands,Sarenza.nl,KvK,480 188 507,BTW,
Netherlands,The Stone,KvK,27269225,BTW,NL813702975B01
Netherlands,Roetgerink Mode & Schoenen,KvK,06052328 0000,BTW,NL006974879B01
Netherlands,DAKA,KvK,71963812    Van,BTW,NL858920141B01
Netherlands,DAKA,KvK,71963812,BTW,NL858920141B01
Netherlands,Voorwinden.nl,KvK,24409003,BTW,NL817055071B01
Netherlands,Sans-online.nl,KvK,08135119,BTW,NL814501
Netherlands,Spartoo.nl,KvK,B489895821,BTW,
Netherlands,To Be Dressed NL,KvK,55872271,BTW,NL851892449B01
Netherlands,kleertjes.com,KvK,09136053,BTW,NL812401
Netherlands,kleertjes.com,KvK,09136053,BTW,NL81240
Netherlands,Chase Fashion,KvK,27148166,BTW,
Netherlands,Lenssen Mode Mierlo,KvK,17057406,BTW,NL809603391B01
Netherlands,Lenssen Mode Mierlo,KvK,17057406,BTW,NL005055519B01
Netherlands,Van Tilburg Online,KvK,1643,BTW,NL008855730B01
Netherlands,Van Tilburg Online,KvK,16054322,BTW,NL008855730B01
Netherlands,Ter Horst van Geel,KvK,,BTW,NL852976288B01
Netherlands,Miinto.nl,KvK,66299322,BTW,
Netherlands,Miinto.nl,KvK,54698243,BTW,
Netherlands,WE Fashion NL,KvK,30089877,BTW,NL004221254B01
Netherlands,Smit Mode,KvK,78352681,BTW,NL861361878B01
Netherlands,Expresswear.nl,KvK,BTW,BTW,NL822812344B01
Netherlands,Van Uffelen Mode,KvK,27224747   BTW,BTW,NL0088
Netherlands,Castelijn Mode Beek,KvK,13035126,BTW,
Netherlands,Bomont,KvK,2264  NL800801,BTW,NL800801
Netherlands,The Kids Republic,KvK,18033418   Dit,BTW,NL822677192B01
Netherlands,The Kids Republic,KvK,18033418,BTW,NL822677192B01
Netherlands,Happybee.nl,KvK,24443146,BTW,NL19  0495 8181 43
Netherlands,Happybee.nl,KvK,24443146,BTW,NL819001
Netherlands,Kinderkleding-tekoop.nl,KvK,18033418,BTW,NL82267901
Netherlands,Kinderkleding-tekoop.nl,KvK,18033418,BTW,NL97  0495 8122 77
Netherlands,Amazingkids,KvK,54719615,BTW,
Netherlands,Cute 'n Cool,KvK,Btw,BTW,NL001907157B04
Netherlands,Cute 'n Cool,KvK,55105637,BTW,NL001907157B04
Netherlands,Olliewood.nl,KvK,37125258,BTW,NL815698884B01
Netherlands,Kixx Online,KvK,37125258,BTW,NL815698884B01
Netherlands,Succubus B.V.,KvK,68278179,BTW,
Netherlands,Freewear,KvK,31041109,BTW,NL810720899B01
Netherlands,My Jewellery,KvK,65961137,BTW,
Netherlands,Ronald Deurloo men -women,KvK,22019247,BTW,NL 001201
Netherlands,Getdrezzed,KvK,77822978,BTW,NL861159950B01
Netherlands,Lofty Manner,KvK,65843037,BTW,
Netherlands,Lofty Manner,KvK,60488654,BTW,
Netherlands,Hip voor de Heb,KvK,81961421,BTW,NL856334662B01
Netherlands,Le Ballon,KvK,09209299,BTW,NL007046613B04
Netherlands,Janse Mode Women,KvK,08097581,BTW,NL809801
Netherlands,Janse Mode Women,KvK,08097581,BTW,NL809859683B01 KVK
Netherlands,Geisha Fashion,KvK,80627803,BTW,NL861001
Netherlands,limango.nl,KvK,München,BTW,
Netherlands,C&A,KvK,,BTW,
Netherlands,bonprix.nl,KvK,RCS  métropole,BTW,
Netherlands,Draakjesenboefjes.nl,KvK,78055520,BTW,NL861248211B01
Netherlands,Draakjesenboefjes.nl,KvK,78055520,BTW,NL861248211B01 M
Netherlands,Boetiek Baloe,KvK,,BTW,
Netherlands,Baby`s Trefpunt,KvK,70271321,BTW,NL35ABNA0415624657 BIC
Netherlands,Baby`s Trefpunt,KvK,70271321,BTW,NL858227666B01
Netherlands,Baby`s Trefpunt,KvK,70271321,BTW,NL35ABNA0415624657
Netherlands,Baby`s Trefpunt,KvK,70271321,BTW,NL1941409452
Netherlands,Baby`s Trefpunt,KvK,57774080,BTW,NL35ABNA0415624657 BIC
Netherlands,Baby`s Trefpunt,KvK,57774080,BTW,NL858227666B01
Netherlands,Baby`s Trefpunt,KvK,57774080,BTW,NL35ABNA0415624657
Netherlands,Baby`s Trefpunt,KvK,57774080,BTW,NL1941409452
Netherlands,Bubblesandbo,KvK,17266893,BTW,NL821523375B01
Netherlands,Boozt.com,KvK,556710,BTW,
Netherlands,boxers.nl,KvK,53298160,BTW,NL 85084901
Netherlands,Kinderondergoed.com,KvK,52471217,BTW,NL850460591B01
Netherlands,Calvin Klein,KvK,57747660,BTW,NL852718421B01
Netherlands,ondergoed.nl,KvK,66144868   De,BTW,NL856101
Netherlands,merkmeisjeskleding.nl,KvK,63950715,BTW,NL002150981B19
Netherlands,De Kinderkledingwinkel,KvK,63950715,BTW,NL002150981B19
Netherlands,Jayno,KvK,20116261 Btw,BTW,NL861137073B01
Netherlands,Jayno,KvK,20116261 Btw,BTW,NL72  0007920617
Netherlands,Jayno,KvK,20116261 Btw,BTW,NL819905434B01
Netherlands,Steel Shoes,KvK,73184306,BTW,
Netherlands,Steel Shoes,KvK,73184306 E,BTW,
Netherlands,Chicsoso,KvK,,BTW,
Netherlands,Mieps en Mams,KvK,,BTW,
Netherlands,Max ICT,KvK,,BTW,
Netherlands,Dirkje,KvK,83536493,BTW,NL47  0005 3015 82
Netherlands,Dirkje,KvK,83536493,BTW,NL856407537B01 KVK
Netherlands,Dirkje,KvK,66130026,BTW,NL47  0005 3015 82
Netherlands,Dirkje,KvK,66130026,BTW,NL856407537B01 KVK
Netherlands,Mode Galerie,KvK,21020476,BTW,NL001707424B94
Netherlands,Trendiesbyme,KvK,,BTW,NL859964371B01
Netherlands,De Blauwe Shop,KvK,05073718,BTW,
Netherlands,VT Mode,KvK,62094475,BTW,NL854645937B01
Netherlands,Scotch & Soda,KvK,34163543,BTW,NL810231104B01
Netherlands,Only for Men,KvK,,BTW,NL811201
Netherlands,Only for Men,KvK,,BTW,NL811595225B01
Netherlands,Omoda NL,KvK,20141521,BTW,NL821590601B01
Netherlands,Omoda NL,KvK,20163409,BTW,NL821590601B01
Netherlands,SchulteHerenmode.nl,KvK,68114028,BTW,NL 857307861 B01
Netherlands,SchulteHerenmode.nl,KvK,68114028,BTW,NL04RABO0133166821
Netherlands,LARGE.nl,KvK,24267396,BTW,
Netherlands,dress-for-less.nl,KvK,,BTW,
Netherlands,OverhemdenOnline.nl,KvK,28008642,BTW,NL812305607B01
Netherlands,OverhemdenOnline.nl,KvK,28008642,BTW,NL59RABO0120561069
Netherlands,OverhemdenOnline.nl,KvK,28008642,BTW,NL 857601
Netherlands,SpieringsHerenmode.nl,KvK,68114028,BTW,NL75RABO0136153240
Netherlands,SpieringsHerenmode.nl,KvK,68114028,BTW,NL 857307861 B01
Netherlands,Sake Store Fashion & Shoes,KvK,01058459,BTW,NL008005485B02
Netherlands,Puur Pastelle,KvK,27267556,BTW,NL821617898B01
Netherlands,Mamaloesbabysjop.nl,KvK,,BTW,NL851401
Netherlands,Hupsakee Kindermode,KvK,73080896,BTW,NL002249707B05
Netherlands,Van Asten Babysuperstore,KvK,54983665,BTW,NL851516506B01
Netherlands,Wish,KvK,,BTW,
Netherlands,Capuchon Fashion,KvK,08126408,BTW,
Netherlands,Cotton District,KvK,78412692,BTW,NL77  0453 3934 70
Netherlands,Cotton District,KvK,78412692,BTW,NL 861382870B01
Netherlands,Plutosport.nl,KvK,08115754,BTW,
Netherlands,Jurkjes.com,KvK,58655913,BTW,
Netherlands,Steegenga Mode,KvK,01116757,BTW,NL003447388B01
Netherlands,Feestcenter.nl,KvK,75247313,BTW,NL860206828B01
Netherlands,Kledinghoekje-Scherpenzeel,KvK,32168816,BTW,
Netherlands,Suitable,KvK,55728561,BTW,NL 851801
Netherlands,Suitable,KvK,557 28 561,BTW,NL 851801
Netherlands,Vingino,KvK,66117631,BTW,NL856401705B01
Netherlands,Zents,KvK,9118957,BTW,NL809444926B01
Netherlands,Zents,KvK,9118957,BTW,NL809444926B01 2
Netherlands,Lodewijk Mode,KvK,01099448,BTW,
Netherlands,Westenmode,KvK,02323900,BTW,NL0064914443B01
Netherlands,Westenmode,KvK,02323900,BTW,NL006491443B01
Netherlands,Westenmode,KvK,02323900,BTW,NL43ABNA0573814732
Netherlands,Jeroen Beekman Mode,KvK,39067049,BTW,NL 007901
Netherlands,Clubwear Company,KvK,32055677   BTW,BTW,NL146346816B01
Netherlands,Loavies,KvK,68885008,BTW,NL 857634719 B01
Netherlands,Loavies,KvK,68888961,BTW,NL 857634719 B01
Netherlands,Marilyn kleding,KvK,81082258,BTW,NL861920594B01
Netherlands,KeeZ & Co,KvK,,BTW,NL819610872B01
Netherlands,dirkdewitmode.nl,KvK,67133150,BTW,NL803914738BO1
Netherlands,dirkdewitmode.nl,KvK,36046028,BTW,NL803914738BO1
Netherlands,Bazz,KvK,59654228,BTW,NL853590369B01
Netherlands,shirts.nl,KvK,53298160,BTW,NL850828491B01
Netherlands,shirts.nl,KvK,53298160,BTW,NL 85084901
Netherlands,AAAndacht,KvK,09174906,BTW,NL818504985B01
Netherlands,Henk ter Horst fashion group NL,KvK,06080244,BTW,NL815901
Netherlands,Humpy Kids & Teens,KvK,28107061,BTW,NL814401
Netherlands,Humpy Kids & Teens,KvK,28107061,BTW,NL89  0140 5598 92
Netherlands,MSMode.nl,KvK,65811976,BTW,NL856269864B01
Netherlands,Bristol.nl,KvK,34136068,BTW,
Netherlands,hema.nl,KvK,34215639,BTW,NL814217412B01
Netherlands,hema.nl,KvK,34215639,BTW,NL67INGB0651607663
Netherlands,Slippery,KvK,08173217,BTW,
Netherlands,Decathlon,KvK,34306685,BTW,NL8199
Netherlands,Decathlon,KvK,34306685,BTW,NL819 689 762 B01
Netherlands,zwembroeken.nl,KvK,53298160,BTW,NL 85084901
Netherlands,Tommy Hilfiger,KvK,34154107,BTW,NL809723268B01
Netherlands,Schuurman Schoenen,KvK,06059765,BTW,
Netherlands,Nike Officieel,KvK,32060874,BTW,NL 807601
Netherlands,Footlocker.nl,KvK,,BTW,NL8005
Netherlands,The Athlete's Foot,KvK,20074112,BTW,NL800656337B01
Netherlands,Unisportstore.nl,KvK,30800680,BTW,NL823755289B01
Netherlands,Elferink schoenen,KvK,08050458,BTW,
Netherlands,Aktiesport,KvK,65593472,BTW,NL8560
Netherlands,vanHaren,KvK,18109059,BTW,
Netherlands,vanHaren - NL,KvK,18109059,BTW,
Netherlands,Intersport Twinsport,KvK,61192244,BTW,
Netherlands,Footway.com NL,KvK,556818,BTW,NL 0053465104
Netherlands,Van Arendonk,KvK,18020067,BTW,NL003649842B01
Netherlands,Van Arendonk,KvK,18020067,BTW,NL006293505B01
Netherlands,Van den Assem Schoenen,KvK,24449975,BTW,
Netherlands,Nijhof Schoenen,KvK,,BTW,NL803564867B01
Netherlands,Roetgerink,KvK,06052328 0000,BTW,NL006974879B01
Netherlands,Profuomo.com,KvK,24147299,BTW,NL006327370B01
Netherlands,Prénatal,KvK,39030398,BTW,NL001447518B01
Netherlands,Prénatal,KvK,39030398,BTW,NL001447518801
Netherlands,Mammiesfashion,KvK,66448611,BTW,NL125320085B01
Netherlands,Mammiesfashion,KvK,66448611,BTW,NL001557633B10
Netherlands,Jaap's Jeans & Sportswear,KvK,37053950,BTW,NL809254748B01 KVK
Netherlands,Jaap's Jeans & Sportswear,KvK,37053950,BTW,NL15  0370407768
Netherlands,Pinkorblue.nl,KvK,56000952 Op,BTW,NL 823579645B01
Netherlands,Pinkorblue.nl,KvK,56000952,BTW,NL 823579645B01
Netherlands,Baby-Dump,KvK,17173294,BTW,NL814092172B01
Netherlands,Etsy - JuulviHandmade,KvK,,BTW,
Netherlands,Kinderkleding.nl,KvK,18033418,BTW,NL82267901
Netherlands,Pincsale,KvK,53172760,BTW,NL823524486B01
Netherlands,Koko Noko,KvK,,BTW,NL83INGB0662925238
Netherlands,Ko&Flo kinderkleding,KvK,50045997,BTW,NL35RABO0102412413
Netherlands,Ko&Flo kinderkleding,KvK,50045997,BTW,NL822514680B01 KVK
Netherlands,Etsy - Seller,KvK,,BTW,
Netherlands,Partytime webshop,KvK,59870044,BTW,NL853674978B01
Netherlands,Internet Sport and Casuals,KvK,76043118,BTW,NL860487118B01
Netherlands,Internet Sport and Casuals,KvK,76043118,BTW,NL22  0505 6438 98
Netherlands,BabyOutlet,KvK,50 46 49 14,BTW,NL 822 80 77 01 B01
Netherlands,Kleren.com,KvK,27314590   Btw,BTW,NL002052331B28
Netherlands,Irma Mode,KvK,27186302,BTW,NL8085982401
Netherlands,Bos Men Shop,KvK,22028833,BTW,NL 8200
Netherlands,Bos Men Shop,KvK,22028833,BTW,NL 82027B01
Netherlands,TopKidsFashion,KvK,66710472,BTW,NL856668539B01
Netherlands,New Kids Mini & Teens,KvK,,BTW,
Netherlands,Het Broekenhuis,KvK,06067306,BTW,
Netherlands,Moda Italia,KvK,08191927,BTW,NL12RABO0140612785 BIC
Netherlands,Moda Italia,KvK,08191927,BTW,NL001576812B59
Netherlands,Broekenbinkie,KvK,08067096,BTW,NL807526502B01
Netherlands,Vetex.nl,KvK,52471217,BTW,NL850460591B01
Netherlands,Internet-Babyshop.com,KvK,TWM,BTW,NL860487118B01
Netherlands,Dekbeddengoed.nl,KvK,63250039,BTW,
Netherlands,Knuffeldiscounter.nl,KvK,63250039,BTW,
Netherlands,The Little Green Bag,KvK,61971448,BTW,NL854573148B01 KVK
Netherlands,The Little Green Bag,KvK,61971448,BTW,NL48  01559 43 472
Netherlands,Artistique-Ieds,KvK,29051060,BTW,NL001964602B09
Netherlands,Artistique-Ieds,KvK,29051060,BTW,NL04  0375 0840 45
Netherlands,LILY,KvK,68065213,BTW,NL208999796B01
Netherlands,Bodybasics4kidz,KvK,51629364,BTW,NL109295298B01
Netherlands,Wout Bergers Sport,KvK,28107696,BTW,NL815083427B01
Netherlands,Hatshoe Kinderschoenen,KvK,35024380,BTW,
Netherlands,De Wit Schijndel,KvK,,BTW,NL00644 B01
Netherlands,KidsBrandStore NL,KvK,5568349699,BTW,
Netherlands,Mamos Kinderkleding,KvK,61153605,BTW,NL05  0004686873
Netherlands,Ikbenzomooi.nl,KvK,74626264,BTW,NL859973323B01
Netherlands,Als nieuw kinderkleding,KvK,76870960,BTW,NL003141404B27
Netherlands,Superondergoed,KvK,17023979,BTW,NL805783507B01
Netherlands,11teamsports NL,KvK,69524335,BTW,
Netherlands,Perry Sport,KvK,65593472,BTW,NL8560
Netherlands,Sport 2000,KvK,09089168,BTW,NL804321206B01
Netherlands,Sport 2000,KvK,09089168,BTW,NL806B01
Netherlands,Jouwsportzaak.nl,KvK,20074112,BTW,NL800656337B01
Netherlands,geomix-shop.nl,KvK,,BTW,NL825609926B01
Netherlands,Voetbalshop.nl,KvK,30119164,BTW,NL802776863B01
Netherlands,Voetbalshop.nl,KvK,30119164,BTW,NL13ABNA0446375896
Netherlands,Voetbalshop.nl,KvK,30119164,BTW,NL802776863B01 BIC
Netherlands,Gunneman Sports,KvK,,BTW,
Netherlands,Sportdeal NL,KvK,76103080,BTW,NL 860508468B01 KVK
Netherlands,Sportdeal NL,KvK,76103080,BTW,NL818197717B01
Netherlands,Sportdeal NL,KvK,004087186,BTW,NL 860508468B01 KVK
Netherlands,Sportdeal NL,KvK,004087186,BTW,NL818197717B01
Netherlands,Schoenenoutletonline.nl,KvK,69437890,BTW,NL009684967B01
Netherlands,Schoenenoutletonline.nl,KvK,16017276,BTW,NL009684967B01
Netherlands,Onlineschoenenwinkel.nl,KvK,69437890,BTW,NL009684967B01
Netherlands,Onlineschoenenwinkel.nl,KvK,16017276,BTW,NL009684967B01
Netherlands,Absolute Football,KvK,09089168,BTW,NL804321206B01
Netherlands,Absolute Football,KvK,09089168,BTW,NL806B01
Netherlands,Keller-Sports.nl,KvK,HRB 189761,BTW,NL823768569B01
Netherlands,Herqua.nl,KvK,,BTW,NL2U
Netherlands,Herqua.nl,KvK,,BTW,NL859231094B01
Netherlands,SportSkoen.nl,KvK,,BTW,
Netherlands,All4running.nl,KvK,,BTW,NL851382137B01
Netherlands,Esterella Lingerie NL,KvK,14067959,BTW,NL91RABO0230935435 RABONL2U
Netherlands,Annadiva.nl,KvK,64818578,BTW,
Netherlands,english-hatter.nl,KvK,33046640,BTW,
Netherlands,Waardijk Schoenen,KvK,34054439,BTW,NL006729745B01
Netherlands,sokken.nl,KvK,53298160,BTW,NL850828491B01
Netherlands,sokken.nl,KvK,53298160,BTW,NL 85084901
Netherlands,Jan Rozing Mannenmode Online,KvK,62077104,BTW,NL806722885B01
Netherlands,OrangeBag.nl,KvK,17183156,BTW,NL 815901
Netherlands,OrangeBag.nl,KvK,17183156,BTW,NL 815901 ABN
Netherlands,OrangeBag.nl,KvK,17183156,BTW,NL77ABNA0244832315 BIC ABNANL2A
Netherlands,Lingeriezaakrebelle.nl,KvK,02011694,BTW,NL001420961B98
Netherlands,Drogisterij.net,KvK,24297154,BTW,NL814963936B01
Netherlands,Mantel,KvK,09020216,BTW,NL808661693B01
Netherlands,Kemper Fietsen,KvK,27361096,BTW,NL821796781
Netherlands,Kemper Fietsen,KvK,27361096,BTW,NL821796781B01
Netherlands,Fietsenconcurrent,KvK,37059960,BTW,NL114596086B01
Netherlands,Fietsenconcurrent,KvK,37059960,BTW,NL009966328B01
Netherlands,Wonenmetlef,KvK,60375302,BTW,NL823874060B01
Netherlands,Wonenmetlef,KvK,60375302,BTW,NL17INGB0005983644
Netherlands,Wonenmetlef,KvK,22041244,BTW,NL823874060B01
Netherlands,Wonenmetlef,KvK,22041244,BTW,NL17INGB0005983644
Netherlands,Living and Company,KvK,75072416,BTW,NL860130782B01
Netherlands,kklup,KvK,66267706,BTW,NL 856470934B01
Netherlands,Woononline,KvK,37116513,BTW,
Netherlands,12GO Biking,KvK,,BTW,NL820101
Netherlands,World of Bikes,KvK,KvK,BTW,NL 853383418B01
Netherlands,Scootercentrum,KvK,34327837,BTW,NL8204
Netherlands,Giga Meubel,KvK,,BTW,NL852874509B01
Netherlands,Musthaves.nl,KvK,BTW,BTW,
Netherlands,Zen Lifestyle Meubels,KvK,09202248,BTW,NL820957252B01
Netherlands,Bouwhof,KvK,,BTW,
Netherlands,LUMZ,KvK,59646845,BTW,NL85340B01
Netherlands,Trendhopper,KvK,05079247,BTW,NL815437985B01
Netherlands,Woonboulevardwijchen.nl,KvK,09202248,BTW,NL820957252B01
Netherlands,DesignOnline24,KvK,52958078,BTW,NL850683774B01 BE050609
Netherlands,fonQ.nl,KvK,30193631,BTW,NL861830143B01
Netherlands,fonQ.nl,KvK,30193631,BTW,NL812916761B01
Netherlands,fonQ.nl,KvK,30193631,BTW,NL89  0663 2716 14
Netherlands,fonQ.nl,KvK,80865151,BTW,NL861830143B01
Netherlands,fonQ.nl,KvK,80865151,BTW,NL812916761B01
Netherlands,fonQ.nl,KvK,80865151,BTW,NL89  0663 2716 14
Netherlands,fonQ.nl,KvK,HRB 7540,BTW,NL861830143B01
Netherlands,fonQ.nl,KvK,HRB 7540,BTW,NL812916761B01
Netherlands,fonQ.nl,KvK,HRB 7540,BTW,NL89  0663 2716 14
Netherlands,vtwonen.nl,KvK,33133064,BTW,
Netherlands,Designstoel4u,KvK,Ten,BTW,
Netherlands,Zeerfraai,KvK,Ten,BTW,NL858710080B01
Netherlands,Zeerfraai,KvK,71423559,BTW,NL858710080B01
Netherlands,Flinders,KvK,BTW,BTW,NL822601
Netherlands,Flinders,KvK,50572709,BTW,NL822601
Netherlands,Orangehaus,KvK,70882363,BTW,NL119096109B02
Netherlands,Living27,KvK,65466802,BTW,
Netherlands,Kaky.nl,KvK,39083665,BTW,NL818601
Netherlands,Leurs,KvK,12037303,BTW,NL805962736B01
Netherlands,Riverdale,KvK,27142171,BTW,NL801223398 B01
Netherlands,Walra Official,KvK,17060673,BTW,NL 008901
Netherlands,Garden Today,KvK,74284762,BTW,NL859838298B01
Netherlands,Correct,KvK,,BTW,NL004389426B01
Netherlands,Correct,KvK,,BTW,NL82ABNA0496971794 BTW
Netherlands,Correct,KvK,,BTW,NL67INGB0000411549 ABN
Netherlands,Lampenzo.nl,KvK,30253656,BTW,NL001994822B17
Netherlands,Lampenwebshop,KvK,30253656,BTW,NL001994822B17
Netherlands,Sfeer,KvK,57635749,BTW,NL852668119B01
Netherlands,Sfeer,KvK,57635749,BTW,NL82  0337 3253 91
Netherlands,Meerdanlicht.nl,KvK,54258766,BTW,NL8512314801
Netherlands,Meerdanlicht.nl,KvK,54258766,BTW,NL851231482B01
Netherlands,The Home Company,KvK,30176781,BTW,NL002100922B82
Netherlands,Mister-Auto.nl,KvK,508332244  Btw,BTW,NL823282867B01
Netherlands,Pitstraat.com,KvK,,BTW,NL855618978B01 KVK
Netherlands,Nieuweruitenwissers.nl,KvK,51813521,BTW,NL73RABO0160095301
Netherlands,Nieuweruitenwissers.nl,KvK,51813521,BTW,NL106359071B01
Netherlands,Superwinkel.nl,KvK,58421815,BTW,NL853901
Netherlands,Cocopanda.nl,KvK,80964192,BTW,NL861870207B01
Netherlands,notino.nl,KvK,67537308,BTW,NL857060077B01
Netherlands,iciparisxl.nl,KvK,32082394,BTW,NL809771627B01
Netherlands,iciparisxl.nl,KvK,32082394,BTW,NL8092
Netherlands,Parfumerie.nl,KvK,33254473,BTW,NL803457777B01
Netherlands,ParfumWebshop.nl,KvK,83878432,BTW,NL863019043B01 KVK
Netherlands,ParfumWebshop.nl,KvK,83878432,BTW,NL854742876B01
Netherlands,ParfumCenter,KvK,01140173    BV,BTW,NL820126706B01 BTW
Netherlands,ParfumCenter,KvK,01140173,BTW,NL820126706B01 BTW
Netherlands,Klooo.nl,KvK,80269419,BTW,NL861610982B01
Netherlands,DeOnlineDrogist.nl,KvK,,BTW,NL820801
Netherlands,beauty.harellgoodz,KvK,80281532,BTW,NL002892641B37
Netherlands,Beautyplaza.com,KvK,53263979,BTW,NL850815253B01
Netherlands,Brandfield.nl,KvK,68185758,BTW,NL8573367701
Netherlands,VoetbalDirect.nl,KvK,28085635,BTW,NL817380346B01
Netherlands,VoetbalDirect.nl,KvK,28085635,BTW,NL817401
Netherlands,Tweedehands CD,KvK,61714429,BTW,NL67KNAB0254923720
Netherlands,shop.mango.com,KvK,,BTW,NL 8082155 B01
Netherlands,Piet Zoomers,KvK,60367830,BTW,
Netherlands,Carpetright,KvK,33 17 46 18,BTW,
Netherlands,Textielstad,KvK,83152156,BTW,NL865301
Netherlands,Textielstad,KvK,83152156,BTW,NL66RABO0328122319
Netherlands,Vloerverwarmingzelfleggen,KvK,66868017,BTW,NL 856101
Netherlands,Het Vuur LAB,KvK,73273201,BTW,NL859432750B01
Netherlands,Woneninterieur,KvK,78094496,BTW,NL003285747B61
Netherlands,Proluca Interiors,KvK,77534239,BTW,
Netherlands,Online Parketshop,KvK,28090906,BTW,NL002059020B64
Netherlands,Online Parketshop,KvK,28090906,BTW,NL05  0145013413
Netherlands,laminaat2go,KvK,58522700,BTW,NL82RABO0380823683
Netherlands,laminaat2go,KvK,58522700,BTW,NL853074690B01
Netherlands,Voordeel laminaatvloeren,KvK,,BTW,NL60RABO 0112189563 163 BIC RABONL2U
Netherlands,Bladmuziekplus,KvK,56327633,BTW,NL34  0762 7991 45
Netherlands,eBay - wotseriekelepelstraat,KvK,,BTW,
Netherlands,Fournituren.nl,KvK,,BTW,
Netherlands,WatchDiscounter.nl,KvK,61763497,BTW,
Netherlands,Thewatchshopper,KvK,65287207,BTW,NL856901
Netherlands,Thewatchshopper,KvK,65287207,BTW,NL861301808B01
Netherlands,HorlogeBoetiek,KvK,70610274,BTW,NL858393232B01
Netherlands,Horloge.nu,KvK,61763497,BTW,
Netherlands,Vodelca XXL,KvK,72656700,BTW,NL859187445B01
Netherlands,Trendjuwelier,KvK,02080306,BTW,NL53  0382 6496 48
Netherlands,Trendjuwelier,KvK,02080306,BTW,NL812034144B01
Netherlands,OnlinePakhuis.nl,KvK,BTW,BTW,NL856154519B01
Netherlands,OnlinePakhuis.nl,KvK,65542800,BTW,NL856154519B01
Netherlands,Parfum For You,KvK,39065531,BTW,NL002265628B82
Netherlands,ParfumDeo.nl,KvK,68127391,BTW,NL857314051B01
Netherlands,ParfumDeo.nl,KvK,68127391,BTW,NL21TRIO0198436440
Netherlands,Parfumania,KvK,,BTW,
Netherlands,Parfumswinkel,KvK,,BTW,
Netherlands,elegantshop.nl,KvK,82598452,BTW,NL003702249B11
Netherlands,CoolCat Junior,KvK,66776325,BTW,NL 856801
Netherlands,Mavanti Decorations,KvK,72344180,BTW,
Netherlands,Mavanti Decorations,KvK,KvK,BTW,
Netherlands,MisterBricks LEGO Shop,KvK,61563625,BTW,NL8543928201
Netherlands,Lezen123.nl,KvK,24459871,BTW,NL820901
Netherlands,Kortingopspeelgoed.nl,KvK,75345552,BTW,NL001914201B46
Netherlands,Bouwspeelgoed.nl,KvK,78660289,BTW,NL003361083B67
Netherlands,Bouwspeelgoed.nl,KvK,78660289,BTW,NL003867
Netherlands,scalaXL.nl,KvK,61740055,BTW,NL854469448B01
Netherlands,KoopToko.nl,KvK,17213566,BTW,NL71  0353 2837 38
Netherlands,KoopToko.nl,KvK,17213566,BTW,NL001780507B07
Netherlands,Brickshop.be,KvK,11064182,BTW,NL822187681B01
Netherlands,Brickshop.be,KvK,11064182,BTW,NL822187681B01 BTW
Netherlands,PlanetHappy.be,KvK,,BTW,NL854335985B01
Netherlands,Hondenkattenapotheek.nl,KvK,27354529,BTW,NL69ABNA0537950648 BIC
Netherlands,Hondenkattenapotheek.nl,KvK,27354529,BTW,NL80209B01
Netherlands,snipes.nl,KvK,61660639,BTW,NL854434574B01
Netherlands,essenzahome.nl,KvK,30058930,BTW,NL803328266B01
Netherlands,Internet-Health and Beauty,KvK,TWM,BTW,
Netherlands,Tuinplantenwinkel.nl,KvK,,BTW,NL45ABNA0432483659
Netherlands,allzora.nl,KvK,03860752,BTW,
Netherlands,Shop For Now,KvK,78510902,BTW,NL003341039B43
Netherlands,Eleganza.nl,KvK,,BTW,NL81159B01
Netherlands,Kluis Store,KvK,69019428,BTW,NL857696531B01
Netherlands,Kluis Store,KvK,BTW,BTW,NL857696531B01
Netherlands,Hunterlaarzen.nl,KvK,33249147,BTW,NL802046587B01
Netherlands,JLM Lubricants bv,KvK,,BTW,NL008450481BO1
Netherlands,JLM Lubricants bv,KvK,,BTW,NL008450481B01
Netherlands,GarageStore,KvK,BTW ID,BTW,NL002129223B95
Netherlands,Woolrich,KvK,,BTW,
Netherlands,Etsy - AliciaZenobia,KvK,,BTW,
Netherlands,cosmeticaparfum,KvK,70089922,BTW,NL858136375B01
Netherlands,Combo Design,KvK,30153429,BTW,NL 814175934B01
Netherlands,Miltonhouse,KvK,77751957,BTW,NL851751921B01
Netherlands,Miltonhouse,KvK,55527914,BTW,NL851751921B01
Netherlands,Eltink-interieur.nl,KvK,10025095,BTW,
Netherlands,Cabrio Care,KvK,32059200      28 1411 AT,BTW,NL176201
Netherlands,Cabrio Care,KvK,32059200,BTW,NL176201
Netherlands,Fabienne Chapot,KvK,34357026,BTW,NL821208317B01
Netherlands,Fabienne Chapot,KvK,34357026,BTW,NL 821208317B01
Netherlands,Booknext,KvK,,BTW,
Netherlands,De Slegte,KvK,62085387,BTW,NL63ABNA0487544609 BIC
Netherlands,Bouwbestel.nl,KvK,Kvk,BTW,NL819171220B01
Netherlands,Jacobsrotterdam,KvK,,BTW,NL855824311B01
Netherlands,Oviri Mode,KvK,81642121,BTW,NL 862167061B01
Netherlands,GameSync,KvK,,BTW,NL 823501
Netherlands,Azerty,KvK,55425437,BTW,NL04RABO0120615797 BTW
Netherlands,Game-Outlet.nl,KvK,83228071,BTW,NL002231617B49
Netherlands,Dodax.nl,KvK,,BTW,
Netherlands,Finnz,KvK,56909012,BTW,NL852357199B01
Netherlands,Finnz,KvK,56909012,BTW,NL98INGB0668149582
Netherlands,Diamond Painting Huis,KvK,78114535,BTW,NL861267588B01
Netherlands,Etsy - PrintableGiftFinds,KvK,,BTW,
Netherlands,De Diamond Painter,KvK,78114535,BTW,NL861267588B01
Netherlands,Winkelstraat.nl,KvK,54755689,BTW,NL851428113B01
Netherlands,Marjon Snieders,KvK,17211022,BTW,NL89RABO0151058881
Netherlands,Marjon Snieders,KvK,17211022,BTW,NL 818918421B01
Netherlands,Etsy - hylandlatexmoulds,KvK,,BTW,
Netherlands,Etsy - Willane,KvK,,BTW,
Netherlands,Restocks,KvK,74050710,BTW,
Netherlands,Kruidvat.nl,KvK,31035585,BTW,NL004461034B01
Netherlands,Kruidvat.nl,KvK,31035585,BTW,NL 8098
Netherlands,Kruidvat.nl,KvK,31035585 BTW,BTW,NL004461034B01
Netherlands,Kruidvat.nl,KvK,31035585 BTW,BTW,NL 8098
Netherlands,Horloge-Bandjes.nl,KvK,65767616,BTW,NL 8562 51525 B01
Netherlands,HUGO BOSS,KvK,34216197,BTW,NL814636986B01
Netherlands,Livera,KvK,51505932,BTW,NL850060692B01 E
Netherlands,Petite Amélie NL,KvK,64773043,BTW,NL855832964B01 085 00 20 510
Netherlands,Corry Kousen Sokken,KvK,08824283 BTW,BTW,
Netherlands,Ulla Popken NL,KvK,,BTW,NL 804 721 749 B01
Netherlands,Juwelier de Vaal,KvK,52240134,BTW,NL850357287B01
Netherlands,Etsy - EBRUJEWELRY,KvK,,BTW,
Netherlands,Etsy - CaliHipsterCo,KvK,,BTW,
Netherlands,The Next Closet,KvK,,BTW,NL810828662B01
Netherlands,PUUR Design,KvK,17227411,BTW,NL8901
Netherlands,Freschcotton,KvK,34389559,BTW,NL822322262B01
Netherlands,Skatestore,KvK,51967014,BTW,NL85011B01
Netherlands,Skatestore,KvK,51967014,BTW,NL85011B
Netherlands,Ben-G skateshop,KvK,61016098,BTW,NL854166713B01
Netherlands,Derodeloper.com,KvK,Den,BTW,
Netherlands,Mister Spex,KvK,HRB 230317 B,BTW,NL 824 006 100 B01
Netherlands,Mister Spex,KvK,HRB 230317 B,BTW,NL824006100B01
Netherlands,Mister Spex,KvK,HRB 230317 B BTW,BTW,NL 824 006 100 B01
Netherlands,Mister Spex,KvK,HRB 230317 B BTW,BTW,NL824006100B01
Netherlands,Zonnebrillen.com,KvK,3457,BTW,NL80533B01
Netherlands,Zonnebrillen.com,KvK,3457,BTW,NL805333B01
Netherlands,Brillen24.nl,KvK,,BTW,
Netherlands,SmartBuyGlasses.nl,KvK,,BTW,
Netherlands,Swatch NL,KvK,14635506,BTW,NL0013263901
Netherlands,Horloge.nl,KvK,66384567,BTW,NL856001 KVK
Netherlands,Mooihorloge.nl,KvK,68368690,BTW,NL857414598B01
Netherlands,Watch Shop Netherlands,KvK,66384567,BTW,NL856001 KVK
Netherlands,Watches Megastore NL - 9922_TIC Watches,KvK,65287207,BTW,NL856901
Netherlands,Watches Megastore NL - 9922_TIC Watches,KvK,65287207,BTW,NL861301808B01
Netherlands,Etsy - HistoryInWatch,KvK,,BTW,
Netherlands,Gereedschapskist.nl,KvK,58238557,BTW,NL 852939589 B01
Netherlands,Mastertools.nl,KvK,68820178,BTW,NL857901
Netherlands,ToolMax.nl,KvK,53356411   HRB 225 109,BTW,NL50  0103 9802 45
Netherlands,ToolMax.nl,KvK,53356411  BTW,BTW,NL50  0103 9802 45
Netherlands,Maxime Kinderschoenen BV,KvK,14624082,BTW,NL28INGB0008080489 BIC
Netherlands,Maxime Kinderschoenen BV,KvK,14624082,BTW,NL813113350B01
Netherlands,Heutink voor thuis,KvK,06042440,BTW,NL004261835B01
Netherlands,Vlechtservice,KvK,58987169,BTW,NL853268083B01
Netherlands,Vlechtservice,KvK,58987169,BTW,NL73  0359 3249 59
Netherlands,Stone Company,KvK,61677892,BTW,NL74INGB0006711961 BIC
Netherlands,thebagstore.nl,KvK,54085896,BTW,NL 85135701
Netherlands,thebagstore.nl,KvK,54085896,BTW,NL851701
Netherlands,O My Bag Amsterdam,KvK,69094527,BTW,NL 857730885B01
Netherlands,O My Bag Amsterdam,KvK,69094527,BTW,NL85  0122 4080 63
Netherlands,Past Joys,KvK,34031780,BTW,NL14ABNA0472337734 BIC
Netherlands,Past Joys,KvK,34031780,BTW,NL001331955B29
Netherlands,Fun en Feest,KvK,37086028,BTW,NL819486978B01
Netherlands,eBay,KvK,,BTW,
Netherlands,Nikkie,KvK,76889076,BTW,NL860827616B01
Netherlands,nikandnik,KvK,76889076,BTW,NL860827616B01
Netherlands,Sandra's Boetiek,KvK,64388964,BTW,NL855646354B01
Netherlands,Kamst Mode,KvK,66418208,BTW,NL854701
Netherlands,Lavie Womenswear,KvK,31030437,BTW,
Netherlands,Lavie Womenswear,KvK,31030437   BTW,BTW,
Netherlands,Design-Radiator.nl,KvK,27284541  BTW,BTW,NL821911703B01
Netherlands,Design-Radiator.nl,KvK,27284541  BTW,BTW,NL98  06052 45428
Netherlands,Design-Radiator.nl,KvK,27284541,BTW,NL821911703B01
Netherlands,Design-Radiator.nl,KvK,27284541,BTW,NL98  06052 45428
Netherlands,Hal18,KvK,01114841,BTW,NL001434724B03
Netherlands,Hal18,KvK,01114841,BTW,NL20RABO0123524733
Netherlands,Antilliaanse Toko,KvK,68851154,BTW,
Netherlands,Standaard Boekhandel,KvK,,BTW,
Netherlands,Ziengs,KvK,64359611,BTW,NL803539150B01 NL8035
Netherlands,Eddy's,KvK,77741188,BTW,NL8611197701
Netherlands,MK Fashion and More,KvK,56219016,BTW,NL 852601
Netherlands,Pandora Officiële Estore,KvK,50685325,BTW,
Netherlands,Mercruiser onderdelen,KvK,32099189,BTW,NL819901
Netherlands,Mercruiser onderdelen,KvK,32099189,BTW,NL62ABNA0618608117
Netherlands,Allesmarine.nl,KvK,62433806,BTW,
Netherlands,Villa Hoera,KvK,68455577,BTW,NL87RABO0100994792
Netherlands,Villa Hoera,KvK,68455577,BTW,NL857452320B01
Netherlands,Sextoyland,KvK,34280921,BTW,
Netherlands,Horeca.SHOP,KvK,08145964,BTW,NL816041830B01
Netherlands,Just Brands Retail Stores,KvK,33241012,BTW,
Netherlands,Nick & Son Fasion for men,KvK,30139290,BTW,NL96INGB0666649707 KVK
Netherlands,Nick & Son Fasion for men,KvK,30139290,BTW,NL805732226B01
Netherlands,Peter Fashion&Trends,KvK,18044264   De,BTW,NL807687716B01
Netherlands,Peter Fashion&Trends,KvK,18044264   De,BTW,NL T
Netherlands,Peter Fashion&Trends,KvK,18044264,BTW,NL807687716B01
Netherlands,Peter Fashion&Trends,KvK,18044264,BTW,NL T
Netherlands,Cast Iron Official Webshop,KvK,33241012,BTW,
Netherlands,My Angels,KvK,75029197   2,BTW,
Netherlands,My Angels,KvK,75029197,BTW,
Netherlands,seniorenkleding,KvK,68176996   In,BTW,
Netherlands,seniorenkleding,KvK,68176996,BTW,
Netherlands,Etsy - GalleryDemeterShop,KvK,,BTW,
Netherlands,Hoofs,KvK,16018709,BTW,NL810228671B01
Netherlands,IkWilTegoed,KvK,72631538,BTW,NL859181236B01
Netherlands,Startselect,KvK,52837610,BTW,NL8502
Netherlands,Sneakerstad,KvK,72455888,BTW,NL859114958B01
Netherlands,AndLight.nl,KvK,32562744Denemarken,BTW,
Netherlands,MN Kantoormeubelen B.V.,KvK,78318203,BTW,NL861344704B01
Netherlands,Werkjefit,KvK,5997,BTW,NL50  015 086 20 91
Netherlands,Etsy - Bunny177Cloud183,KvK,,BTW,
Netherlands,TopShoe.nl,KvK,,BTW,NL823259729B01
Netherlands,Shoemixx.nl,KvK,09172891,BTW,NL818240301B01
Netherlands,Paagman,KvK,,BTW,
Netherlands,Weebs R Us,KvK,75925141,BTW,NL003031145B48
Netherlands,Ballegooyen Modes,KvK,,BTW,NL44RABO0113000286
Netherlands,Ballegooyen Modes,KvK,,BTW,NL009817049B01
Netherlands,TopRC.nl,KvK,,BTW,NL821001
Netherlands,Rinsma Modeplein,KvK,01009649,BTW,
Netherlands,Fabert de Wit,KvK,72977256,BTW,NL859306549B01
Netherlands,Party.nl,KvK,Lüneburg,BTW,
Netherlands,Hijswinkel BV,KvK,30229356,BTW,NL81738701
Netherlands,Juwelier Verlinden,KvK,80901433,BTW,NL861844646B01
Netherlands,Feestartikelen4U.nl,KvK,69564027,BTW,
Netherlands,Toplock,KvK,28077443,BTW,
Netherlands,Applied-store.nl,KvK,55163580  BTW  NL851591486B01,BTW,NL851591486B01
Netherlands,Applied-store.nl,KvK,55163580,BTW,NL851591486B01
Netherlands,Babypark,KvK,11031491  Ik    2de        4,BTW,NL8049824401
Netherlands,Baby Jungle,KvK,,BTW,NL818501
Netherlands,Babyentiener.nl,KvK,24198594,BTW,NL8201
Netherlands,Puckababy,KvK,28100784,BTW,NL815919670B01
Netherlands,Kideo.store,KvK,78357381,BTW,NL861364351B01
Netherlands,BabyPlanet,KvK,01027103,BTW,NL008574108B01
Netherlands,Marja Lamme Fashion,KvK,34168761,BTW,NL81034
Netherlands,Airforce,KvK,34111844,BTW,NL807807229B01
Netherlands,Airforce,KvK,34111844,BTW,NL807807229B01 KVK
Netherlands,Spellenrijk,KvK,08162907,BTW,NL21RABO0133035565 BIC
Netherlands,Otrium NL,KvK,,BTW,NL855481201B01
Netherlands,Floris van Bommel,KvK,,BTW,NL855591547B01
Netherlands,Jumbo,KvK,16044409,BTW,NL853677803B01
Netherlands,Jumbo,KvK,59876425 KvK,BTW,NL853677803B01
Netherlands,Interoffice,KvK,2327956,BTW,
Netherlands,Goedkoopste-Kantoorartikelen.nl,KvK,57438072,BTW,NL 852801
Netherlands,petdirect.nl,KvK,05062607,BTW,
Netherlands,NiceSupplies.nl,KvK,28084551,BTW,
Netherlands,Europresto NL,KvK,59639008,BTW,NL45  0006283549
Netherlands,Europresto NL,KvK,59639008,BTW,NL853583109B01
Netherlands,DSN Design,KvK,23049412,BTW,NL 006958631B02
Netherlands,DSN Design,KvK,23049412,BTW,NL 98  0000 2510 38
Netherlands,DSN Design,KvK,23049412,BTW,NL 19  0395 3082 75
Netherlands,YourInkstation.nl,KvK,,BTW,
Netherlands,Officepalace.nl,KvK,20115806       A4,BTW,
Netherlands,Albert Heijn,KvK,,BTW,
Netherlands,Plus,KvK,59285664,BTW,NL001401
Netherlands,Peddler,KvK,68237103,BTW,NL857355855B01
Netherlands,MEENT,KvK,52736202,BTW,NL850574948B01
Netherlands,Coef.nl,KvK,69938822,BTW,NL 858072713B01
Netherlands,www.hip-pie.nl,KvK,20171622,BTW,NL822445554B01
Netherlands,Pip Studio NL,KvK,63976285,BTW,NL38ABNA 0456 7616 24
Netherlands,Ben Borst,KvK,28077979,BTW,NL 811330540 B01
Netherlands,Archivio85,KvK,68039379,BTW,NL001398665B69
Netherlands,Archivio85,KvK,68039379,BTW,NL102788984B01
Netherlands,Etsy - boxroomprintshop,KvK,,BTW,
Netherlands,Themusthaves.nl,KvK,58655913,BTW,
Netherlands,Boottotaal.be,KvK,82494045,BTW,NL862492142B01
Netherlands,Suitsupply,KvK,,BTW,NL807752770B01
Netherlands,Etsy - TheSupplyGuy,KvK,,BTW,
Netherlands,Te Velde,KvK,80500668,BTW,NL861693851B01
Netherlands,Manutan NL,KvK,30053885,BTW,NL07BNPA0227675029
Netherlands,Manutan NL,KvK,30053885,BTW,NL 004003901 B01
Netherlands,DeZwerver.nl,KvK,75240440,BTW,NL 860203633 B01 BE 0541 545 456
Netherlands,Landschap Reisboekwinkel,KvK,18062016,BTW,NL001781076B27
Netherlands,Landschap Reisboekwinkel,KvK,18062016,BTW,NL55RABO0113735154
Netherlands,De Noorderzon,KvK,09064498,BTW,NL 8083 01 445 B01
Netherlands,SOS Solutions,KvK,64971848   Wij,BTW,NL53  0179 1878 80
Netherlands,SOS Solutions,KvK,64971848   Wij,BTW,NL 85504
Netherlands,SOS Solutions,KvK,64971848   Wij,BTW,NL 855001
Netherlands,SOS Solutions,KvK,64971848,BTW,NL53  0179 1878 80
Netherlands,SOS Solutions,KvK,64971848,BTW,NL 85504
Netherlands,SOS Solutions,KvK,64971848,BTW,NL 855001
Netherlands,Hackerstore,KvK,12055448,BTW,NL001755649B47
Netherlands,Studystore,KvK,09041265,BTW,NL001478230B01
Netherlands,studystore,KvK,09041265,BTW,NL001478230B01
Netherlands,Ilse Jacobsen Hornbæk,KvK,33160371,BTW,NL005388314B01
Netherlands,Wordans.nl,KvK,39066321,BTW,NL 005596191B03
Netherlands,Macrovet.nl,KvK,17237488,BTW,
Netherlands,Etsy - PartyPiecesCo,KvK,,BTW,
Netherlands,SurpriseFactory NL,KvK,28032014,BTW,NL96RABO0362121346
Netherlands,SurpriseFactory NL,KvK,28032014,BTW,NL820959388B01
Netherlands,ABD Shop,KvK,01098330,BTW,NL811585165B01
Netherlands,Kamphuis Dakkoffers,KvK,50588303,BTW,NL128342651B01
Netherlands,home24.nl,KvK,55326528,BTW,NL823546640B01
Netherlands,Sebastianalphen.nl,KvK,27316620,BTW,NL 819242536B02
Netherlands,Coolblue,KvK,24330087,BTW,NL810433941B01
Netherlands,PrikkabelLED.nl,KvK,66572541,BTW,NL856613654B01 E
Netherlands,PrikkabelLED.nl,KvK,66572541,BTW,NL 856613654B01
Netherlands,Ntextil - NL-NL,KvK,39066321,BTW,NL 005596191B03
Netherlands,Needen.nl,KvK,39066321,BTW,NL 005596191B03
Netherlands,Etsy - ArtCrist,KvK,,BTW,
Netherlands,Toy Better,KvK,,BTW,
Netherlands,Deurenmagazijn.nl,KvK,08059939,BTW,NL49RABO0304501379
Netherlands,Viper Medical,KvK,50578502 BTW,BTW,NL822824620B01
Netherlands,Viper Medical,KvK,50578502 BTW,BTW,NL81433
Netherlands,Viper Medical,KvK,50578502 BTW,BTW,NL17  0159 7993 92
Netherlands,Viper Medical,KvK,BTW,BTW,NL822824620B01
Netherlands,Viper Medical,KvK,BTW,BTW,NL81433
Netherlands,Viper Medical,KvK,BTW,BTW,NL17  0159 7993 92
Netherlands,Viper Medical,KvK,50578502 KvK   BTW,BTW,NL822824620B01
Netherlands,Viper Medical,KvK,50578502 KvK   BTW,BTW,NL81433
Netherlands,Viper Medical,KvK,50578502 KvK   BTW,BTW,NL17  0159 7993 92
Netherlands,Merkala,KvK,78170796,BTW,
Netherlands,heine-shop.nl,KvK,,BTW,NL39  0007 1102 91
Netherlands,Salontopper,KvK,62766066,BTW,NL854948843B01 BTW
Netherlands,Sefa's Haircompany,KvK,,BTW,NL860188930B01
Netherlands,Sefa's Haircompany,KvK,,BTW,NL69INGB0007014400
Netherlands,HBB24,KvK,53263979,BTW,NL850815253B01
Netherlands,Delicious Vanilla,KvK,54212367,BTW,NL001589066B62
Netherlands,Werken met Merken,KvK,,BTW,NL802701917B01
Netherlands,Werken met Merken,KvK,,BTW,NL840001
Netherlands,Zitmaxx Wonen,KvK,59200359,BTW,NL21ABNA0467555605 BIC
Netherlands,KJ Tuinmeubelen,KvK,8105213,BTW,NL806477945B02
Netherlands,Shoeby,KvK,16078843,BTW,
Netherlands,proBBQshop.nl,KvK,70825882,BTW,
Netherlands,kdootjes,KvK,08049280,BTW,NL 40  0332 1791 33
Netherlands,kdootjes,KvK,08049280,BTW,NL805734417B01
Netherlands,Reiger en de Raaf,KvK,72608919,BTW,NL859172387B01
Netherlands,Royal Coster Diamonds,KvK,,BTW,
Netherlands,De Handelsfabriek,KvK,74205420,BTW,NL859808750B01
Netherlands,BeastyBike,KvK,,BTW,
Netherlands,Helio.work,KvK,67995799,BTW,
Netherlands,Primera,KvK,11028801,BTW,NL009411434B01
Netherlands,Wonderbox NL,KvK,,BTW,NL19  0674 0045 66
Netherlands,Freebird,KvK,34273419,BTW,NL817952263B01
Netherlands,Stretchshop,KvK,20158641,BTW,
Netherlands,Romy Fashion,KvK,,BTW,NL001972838B90
Netherlands,Haardjesland,KvK,,BTW,NL823001 KVK NR
Netherlands,Electraboiler,KvK,81435304,BTW,NL862090349B01
Netherlands,Electraboiler,KvK,81435304 BTW,BTW,NL862090349B01
Netherlands,Winparts.nl,KvK,55365183,BTW,NL96  010363
Netherlands,Winparts.nl,KvK,55365183,BTW,NL851101
Netherlands,artencraft.nl,KvK,1755,BTW,
Netherlands,artencraft.nl,KvK,1755BTW BE045539Brugsesteenweg 4669030,BTW,
Netherlands,Conrad.nl,KvK,06051273,BTW,
Netherlands,Toolmaster,KvK,,BTW,NL001375945B01
Netherlands,Gereedschappelijk.nl,KvK,08115431,BTW,NL812343438B01
Netherlands,Toolnation,KvK,,BTW,
Netherlands,Klium.nl,KvK,59217367,BTW,NL823625862B01
Netherlands,Borca Online Computer Service,KvK,,BTW,
Netherlands,Hornbach.nl,KvK,30151645,BTW,
Netherlands,Bouwmaat.nl,KvK,,BTW,
Netherlands,Installand.nl,KvK,09052742,BTW,NL009090095B01
Netherlands,Installand.nl,KvK,09052742,BTW,NL12RBOS0528696858
Netherlands,Debouwmarktshop.nl,KvK,17219747,BTW,NL23INGB0667081119
Netherlands,Debouwmarktshop.nl,KvK,17219747,BTW,NL 8190 27303 B01
Netherlands,Sleiderink Bouwmaterialen,KvK,06075092,BTW,NL 8032
Netherlands,Elektramat BV,KvK,52935329,BTW,NL08RABO0180775804
Netherlands,Elektramat BV,KvK,52935329,BTW,NL 850501
Netherlands,Praxis,KvK,33152545,BTW,NL004371021B01
Netherlands,Serviesonline,KvK,56869452,BTW,NL108064608B01
Netherlands,Massamarkt,KvK,66065038,BTW,NL856381020B01
Netherlands,Deurenexpress,KvK,,BTW,NL810679358B01
Netherlands,Deurmarkt,KvK,61497711 BTW,BTW,NL854367676B01
Netherlands,Deurmarkt,KvK,61497711,BTW,NL854367676B01
Netherlands,Voordeeldeuren,KvK,342 32 632,BTW,NL60RABO 0112189563
Netherlands,Slotenwereld.nl,KvK,82952426,BTW,NL862668402B01
Netherlands,Veiligheids-sloten.nl,KvK,66981581,BTW,NL39INGB0008114241
Netherlands,Veiligheids-sloten.nl,KvK,66981581,BTW,NL 856780467 B01
Netherlands,Elektrobode,KvK,60    62,BTW,
Netherlands,De Verfzaak,KvK,12037333,BTW,NL806471232B01
Netherlands,Verfwinkel.nl,KvK,61297526,BTW,NL8549
Netherlands,Verfwinkel.nl,KvK,61297526,BTW,NL809345493B01
Netherlands,Verfonline-XL,KvK,12037333,BTW,NL806471232B01
Netherlands,Onlineverf.nl,KvK,76719758,BTW,NL 860773954B01
Netherlands,Onlineverf.nl,KvK,76719758 Btw,BTW,NL 860773954B01
Netherlands,FOIR.nl,KvK,60618264,BTW,NL002294144B03
Netherlands,FOIR.nl,KvK,60618264,BTW,NL 213752025B02
Netherlands,Conrad,KvK,06051273,BTW,
Netherlands,Gereedschapcentrum.nl,KvK,,BTW,
Netherlands,Haxo,KvK,BTW,BTW,NL858111627B01
Netherlands,Haxo,KvK,70031886   BTW,BTW,NL858111627B01
Netherlands,Haxo,KvK,70031886,BTW,NL858111627B01
Netherlands,Boer Staphorst,KvK,05057910,BTW,NL80024B01
Netherlands,HoukemaTools,KvK,55804624,BTW,NL28  0133 0608 53
Netherlands,HoukemaTools,KvK,55804624,BTW,NL851867054B01
Netherlands,HoukemaTools,KvK,55804624,BTW,NL001413229B40
Netherlands,Beaumotica.nl,KvK,20135881,BTW,NL818968473B01
Netherlands,Beaumotica.nl,KvK,20135881 BTW,BTW,NL818968473B01
Netherlands,Philips Hue NL,KvK,17061150,BTW,NL009076992B01
Netherlands,Lamp123.nl,KvK,80472222,BTW,NL861683948B01
Netherlands,Alternate.nl,KvK,24287108,BTW,NL807111478B01
Netherlands,EP.nl,KvK,23081813,BTW,
Netherlands,123led.nl,KvK,,BTW,NL21  0304 5139 11
Netherlands,123led.nl,KvK,,BTW,NL8301
Netherlands,Exclusief buiten,KvK,82301433,BTW,NL003673849B16
Netherlands,Light Gallery,KvK,17061150,BTW,
Netherlands,Etsy - MuttiDesignsLaden,KvK,,BTW,
Netherlands,Etsy - PandoriaLLC,KvK,,BTW,
Netherlands,Redbubble,KvK,74946803,BTW,
Netherlands,Muntex,KvK,78344557,BTW,NL002393350B34
Netherlands,Etsy - MrExplorer,KvK,,BTW,
Netherlands,PosterJunkie,KvK,60449837,BTW,
Netherlands,PosterJunkie,KvK,BTW,BTW,
Netherlands,Tegeldepot.nl,KvK,56057709,BTW,NL851959398B01
Netherlands,Megadump Dalen,KvK,01140614,BTW,NL 820201
Netherlands,Online Deurbeslagshop,KvK,69989001,BTW,NL 858093352B01
Netherlands,Online Deurbeslagshop,KvK,69989001,BTW,NL83  0137 2918 76
Netherlands,Veiligwonenwinkel.nl,KvK,,BTW,NL001981163B49
Netherlands,Veiligwonenwinkel.nl,KvK,,BTW,NL81INGB0005486628 BIC
Netherlands,Warentuin,KvK,57663238,BTW,NL 8526 80 9401
Netherlands,Toptuincentrum.nl,KvK,16019278,BTW,NL807724440B01
Netherlands,AktieDrogist,KvK,04018460,BTW,NL800470916B01
Netherlands,Tuincentrum Osdorp,KvK,BTW,BTW,
Netherlands,HomeDeco.nl,KvK,63061619,BTW,NL855075545B01
Netherlands,kabelshop.nl,KvK,63961156,BTW,NL8001
Netherlands,kabelshop.nl,KvK,63961156,BTW,NL8554696301
Netherlands,kabelshop.nl,KvK,63961156,BTW,NL76  0305 8310 54
Netherlands,kabelshop.nl,KvK,33267823,BTW,NL8001
Netherlands,kabelshop.nl,KvK,33267823,BTW,NL8554696301
Netherlands,kabelshop.nl,KvK,33267823,BTW,NL76  0305 8310 54
Netherlands,Leen Bakker,KvK,18118971,BTW,NL009149260B01
Netherlands,Leen Bakker,KvK,18118971,BTW,NL003051936B01
Netherlands,Lampentotaal,KvK,75217600,BTW,NL13RABO0331901714
Netherlands,Technowinkel,KvK,,BTW,NL809806332B01
Netherlands,PimXL,KvK,17147830,BTW,NL16RABO0133868206
Netherlands,Lampdirect.nl,KvK,,BTW,
Netherlands,Frank,KvK,02083727,BTW,NL822613992B01
Netherlands,Westfalia EU,KvK,,BTW,
Netherlands,Installatievakwinkel.nl,KvK,,BTW,NL856697163B01
Netherlands,Installatievakwinkel.nl,KvK,,BTW,NL12RABO0312456239
Netherlands,Nijhof Woonwarenhuis,KvK,31027734,BTW,NL006764642B01
Netherlands,Bauhaus,KvK,58426019,BTW,NL853035210B01
Netherlands,Budgetlight.nl,KvK,17260313,BTW,NL821186462B01
Netherlands,All Wheels,KvK,23086113,BTW,NL805702
Netherlands,123kampeerwereld.nl,KvK,05070766,BTW,NL39  0159138426
Netherlands,Heatingworld,KvK,56224419,BTW,NL852028891B01
Netherlands,Bestel-verf,KvK,65458761,BTW,NL52  0245 549013
Netherlands,Bestel-verf,KvK,65458761,BTW,NL856120923B01
Netherlands,Flexa,KvK,,BTW,
Netherlands,Kleuro.nl,KvK,05063228,BTW,NL852201
Netherlands,Kleuro.nl,KvK,57584532,BTW,NL852201
Netherlands,colorstore.nl,KvK,9012580,BTW,
Netherlands,DHZdiscount.nl,KvK,57584532,BTW,NL22RABO0310329140
Netherlands,DHZdiscount.nl,KvK,57584532,BTW,NL852201
Netherlands,villeroy-boch.nl,KvK,,BTW,NL808206096B01
Netherlands,Action,KvK,50969838,BTW,
Netherlands,Toolsidee,KvK,71750428,BTW,NL858834509B01
Netherlands,Sloterop B.V.,KvK,37151717,BTW,
Netherlands,Mijnijzerwaren,KvK,62056506,BTW,
Netherlands,Toolstation.nl,KvK,63449595  BTW,BTW,NL85554
Netherlands,Inbraakproof,KvK,547461590,BTW,
Netherlands,Deurtotaalmarkt.nl,KvK,09090236,BTW,NL804890079B01
Netherlands,Deurtotaalmarkt.nl,KvK,09090236,BTW,NL85ABNA 0251 6801 77
Netherlands,Douchezaak.nl,KvK,65281454 113,BTW,
Netherlands,KOK watersport,KvK,,BTW,
Netherlands,Ben's electronics,KvK,,BTW,NL 8572
Netherlands,reichelt.nl,KvK,,BTW,
Netherlands,dakraam-gordijn.nl,KvK,,BTW,
Netherlands,EP:Tummers,KvK,13014072,BTW,NL001699143B01
Netherlands,Degros,KvK,78587514,BTW,NL48INGB0006733672
Netherlands,A&F Cosmetics,KvK,27260426,BTW,NL001713248B58
Netherlands,Etos,KvK,35014093,BTW,NL003183579B01
Netherlands,Voordeligste Drogist,KvK,64064077,BTW,
Netherlands,Voordeligste Drogist,KvK,59272155,BTW,
Netherlands,Voordeligste Drogist,KvK,69042918,BTW,
Netherlands,Doublefonline.nl,KvK,57839506,BTW,NL852758789B01
Netherlands,Doublefonline.nl,KvK,57839506,BTW,NL55RABO0105289558
Netherlands,Doublefonline.nl,KvK,57839506,BTW,NL862423624B01
Netherlands,Drogisterij-Andrea.nl,KvK,71150692,BTW,NL489750394B01
Netherlands,Voordeeldrogist.eu,KvK,62986392,BTW,NL855041626B01
Netherlands,Drogisterijaanbiedingen.nl,KvK,64064077,BTW,NL853398914B01
Netherlands,Drogisterijaanbiedingen.nl,KvK,59272155,BTW,NL853398914B01
Netherlands,Koopjesdrogisterij.nl,KvK,59272155,BTW,NL853398914B01
Netherlands,Ajax Shop Official,KvK,,BTW,
Netherlands,Soccerfanshop NL,KvK,20067614 BTW,BTW,
Netherlands,Intersport Theo Tol,KvK,36002785,BTW,NL819529746B01
Netherlands,MR-Beveiliging.nl,KvK,76710467,BTW,NL860701
Netherlands,Ajax Alarmsystemen,KvK,76710467,BTW,NL860701
Netherlands,Deur&Raam,KvK,73839477,BTW,NL001858335B89
Netherlands,ToolsXL,KvK,28083307,BTW,NL8090
Netherlands,Rotopino.nl,KvK,0000300709,BTW,NL823818123B01
Netherlands,Etsy - vmlstuff,KvK,,BTW,
Netherlands,123inkt.nl,KvK,,BTW,NL8001
Netherlands,Muldi,KvK,BTW,BTW,NL13  0827216963
Netherlands,TapeConcurrent,KvK,,BTW,NL 861001
Netherlands,TapeConcurrent,KvK,,BTW,NL09  0876 3245 88
Netherlands,Product for Product,KvK,37125250,BTW,NL26  0467 0613 00
Netherlands,Product for Product,KvK,37125250,BTW,NL817355017B01
Netherlands,Sneltoner.nl,KvK,32125614,BTW,NL818326815B01
Netherlands,Kantoorartikelen.nl,KvK,14065234,BTW,NL808809167B01
Netherlands,Discountoffice.nl,KvK,29021972,BTW,NL72  0116 0719 66
Netherlands,Discountoffice.nl,KvK,29021972,BTW,NL 805101
Netherlands,Ventilatieland,KvK,17236247      HRB 560366,BTW,NL820076739B01
Netherlands,Ventilatieland.be,KvK,17236247,BTW,NL855563060B01
Netherlands,Bengshop,KvK,57511292      BV,BTW,NL23  0337 7657 66
Netherlands,Bengshop,KvK,57511292      BV,BTW,NL 852613313 B01
Netherlands,Wildkamp,KvK,05 047579,BTW,
Netherlands,huis-accessoires,KvK,76378519,BTW,NL003078258B18
Netherlands,Sohome.nl,KvK,68409796,BTW,NL78  0129 988 545
Netherlands,Sohome.nl,KvK,68409796,BTW,NL857428056B01
Netherlands,Eigenstijl Wonen,KvK,09026907,BTW,
Netherlands,Schuifdeurtotaal,KvK,,BTW,NL002120465B56
Netherlands,Schuifdeurtotaal,KvK,,BTW,NL84RBRB0955095441
Netherlands,Belsimpel,KvK,02093714,BTW,NL819148003B01
Netherlands,BCC,KvK,3565,BTW,
Netherlands,ROBBshop,KvK,BTW,BTW,
Netherlands,MediaMarkt,KvK,24471203,BTW,NL 82 12 22 296 B01
Netherlands,KoopKerstverlichting.nl,KvK,,BTW,NL818916187B01
Netherlands,Deoosteindeonline.nl,KvK,34292095,BTW,
Netherlands,Tuincentrumoutlet.com,KvK,51450828    39,BTW,NL850022903B01
Netherlands,Tuincentrumoutlet.com,KvK,51450828,BTW,NL850022903B01
Netherlands,Agradi,KvK,,BTW,NL807059651B01
Netherlands,zaak.shop,KvK,81043791,BTW,NL28  0156 1329 82
Netherlands,zaak.shop,KvK,81043791,BTW,NL861902920B01
Netherlands,zomerenwinter.nl,KvK,81043791   Wij,BTW,NL28  0156 1329 82
Netherlands,zomerenwinter.nl,KvK,81043791   Wij,BTW,NL861902920B01
Netherlands,zomerenwinter.nl,KvK,81043791,BTW,NL28  0156 1329 82
Netherlands,zomerenwinter.nl,KvK,81043791,BTW,NL861902920B01
Netherlands,Expert,KvK,,BTW,NL802769767B01
Netherlands,ventilator-zaak.nl,KvK,81043791,BTW,NL28  0156 1329 82
Netherlands,ventilator-zaak.nl,KvK,81043791,BTW,NL861902920B01
Netherlands,Hallmark NL,KvK,14032739,BTW,NL005554287B01
Netherlands,Foodworld-XL,KvK,09173779,BTW,NL818362297B01 BTW
Netherlands,CandyOnline,KvK,32067846,BTW,
Netherlands,Binqer,KvK,74268570,BTW,NL859831681B01
Netherlands,Baby Plus,KvK,3695,BTW,NL009867892B01  NL15RABO0333186540
Netherlands,Baby Plus,KvK,3695,BTW,NL 009867 892 B01
Netherlands,Babymax NL,KvK,09187672,BTW,NL001234567B01
Netherlands,ANWB,KvK,33200596,BTW,
Netherlands,ANWB,KvK,KvK,BTW,
Netherlands,Twaiko,KvK,71941711,BTW,NL858914918B01 BTW
Netherlands,Twaiko,KvK,71941711,BTW,NL14RABO0330930532
Netherlands,Twaiko,KvK,71941711,BTW,NL858914918B01
Netherlands,Electro World,KvK,32089173,BTW,NL810527431B01
Netherlands,NextDeal.nl,KvK,,BTW,NL856493909B01
Netherlands,Royal Design NL,KvK,08127477,BTW,
Netherlands,Bestsellers.nl,KvK,H37101679,BTW,
Netherlands,Bestsellers.nl,KvK,37101679,BTW,
Netherlands,NESPRESSO,KvK,331832,BTW,NL001410908B01
Netherlands,Horecarama,KvK,62849115 BTW,BTW,NL21INGB0006789060
Netherlands,Horecarama,KvK,62849115 BTW,BTW,NL854982589B01
Netherlands,ActievandeDag.nl,KvK,37163086,BTW,NL850400429B01
Netherlands,Koopjedeal,KvK,24396800,BTW,
Netherlands,Tweedekoopje,KvK,77978536,BTW,NL861220201B01
Netherlands,HomeHaves.com,KvK,73850845,BTW,
Netherlands,Webshop-outlet.nl,KvK,63041618,BTW,NL855068450B01
Netherlands,Topdeal24,KvK,70089922,BTW,NL858136375B01
Netherlands,Onderdeeltotaal.nl,KvK,66417333,BTW,NL24INGB0007385653
Netherlands,Onderdeeltotaal.nl,KvK,66417333,BTW,NL8565435701
Netherlands,Obbink,KvK,09100417,BTW,NL36  0485 4621 17
Netherlands,Obbink,KvK,09100417,BTW,NL807063770B01
Netherlands,MultimediaCenter.nl,KvK,53438892,BTW,NL850880385B01
Netherlands,Obelink.nl,KvK,08024002,BTW,NL001677755B01 KVK
Netherlands,kiip-bv.nl,KvK,,BTW,NL855920853B01
Netherlands,hevutools.nl,KvK,,BTW,NL 803168962B01
Netherlands,Van den Elzen caravans en recreatie,KvK,,BTW,
Netherlands,TEUN,KvK,61114618,BTW,
Netherlands,Elektronica Online,KvK,BTW,BTW,
Netherlands,Elektronica Online,KvK,14072458   BTW,BTW,
Netherlands,DeWitgoedOutlet.nl,KvK,,BTW,NL858405301B01
Netherlands,KiJoo,KvK,69321051,BTW,NL857830703B01
Netherlands,GT Discount,KvK,80997384,BTW,NL003510444B44
Netherlands,Fietsvoordeelshop.nl,KvK,58887539,BTW,NL 853224146B01
Netherlands,Fietsenstunt.nl,KvK,36041512,BTW,NL804027778B01
Netherlands,Fietsenwinkel.nl,KvK,,BTW,
Netherlands,Schakelaar Tweewielers,KvK,,BTW,NL83  0691 8115 47
Netherlands,Schakelaar Tweewielers,KvK,,BTW,NL33  0000 9684 56
Netherlands,BikeExchange,KvK,09077059,BTW,NL96RABO0380212234
Netherlands,BikeExchange,KvK,09077059,BTW,NL816187836B01
Netherlands,Van Hoogstraten Fietscorner,KvK,12027154,BTW,NL00 8924 661 B04
Netherlands,Van Hoogstraten Fietscorner,KvK,12027154,BTW,NL94  0008 2931 86
Netherlands,Van Hoogstraten Fietscorner,KvK,12027154,BTW,NL00
Netherlands,SuperFietsen,KvK,56741014,BTW,
Netherlands,Fietsonline.com,KvK,65386752,BTW,NL856091698B01
Netherlands,Nr1FietsShop Rijen,KvK,65628373,BTW,NL856193549B01
Netherlands,Hollandbikeshop.com,KvK,,BTW,NL853601
Netherlands,Hollandbikeshop.com,KvK,,BTW,NL53ABNA0542298961
Netherlands,Peter Macco,KvK,30017600,BTW,
Netherlands,Belga Fietsen,KvK,59342692,BTW,NL8530
Netherlands,Knop Tweewielers,KvK,22021905,BTW,NL 813763794 B01
Netherlands,Knop Tweewielers,KvK,22021905,BTW,NL 813763794
Netherlands,van Wijk Fiets en Onderhoud,KvK,70428255,BTW,NL858314253B01  NL31INGB0008121272
Netherlands,Bike Totaal,KvK,,BTW,NL006773072B01
Netherlands,Profile 'de Fietsspecialist',KvK,,BTW,NL56INGB0662812913 BIC
Netherlands,Profile 'de Fietsspecialist',KvK,,BTW,NL006773072B01
Netherlands,Premiumbikes.nl,KvK,70660034,BTW,NL858411672B01
Netherlands,Fietsenwinkel Rotterdam,KvK,70660034,BTW,NL858411672B01
Netherlands,Berry's Wielershop,KvK,50505327,BTW,NL002195141B85
Netherlands,Berry's Wielershop,KvK,50505327,BTW,NL817259806B01
Netherlands,Fietsenwinkel Barendrecht,KvK,70824886,BTW,NL28INGB0006861102
Netherlands,Fietsenwinkel Barendrecht,KvK,70824886,BTW,NL855230150B01
Netherlands,Fietsenwinkel Barendrecht,KvK,63424851,BTW,NL28INGB0006861102
Netherlands,Fietsenwinkel Barendrecht,KvK,63424851,BTW,NL855230150B01
Netherlands,Gardena-Flymo-Dealer.nl,KvK,24319157 ǀ BTW Nr,BTW,NL02  0107 3435 17
Netherlands,Sense Say,KvK,,BTW,
Netherlands,Beamer-winkel.nl,KvK,80367747,BTW,NL861649485B01
Netherlands,Beamer-winkel.nl,KvK,80367747,BTW,NL58INGB0007677011
Netherlands,IT Supplies,KvK,59680989,BTW,NL853101
Netherlands,QualityLamps.eu,KvK,,BTW,NL808559953B01
Netherlands,Bax-shop.nl,KvK,Om              KVK,BTW,
Netherlands,Redable.nl,KvK,80476236,BTW,NL 8616 85 325 B01
Netherlands,Dustin Home NL,KvK,,BTW,
Netherlands,visunext.nl,KvK,08182518,BTW,
Netherlands,Bosch Shop,KvK,BTW,BTW,
Netherlands,Fiyo.nl,KvK,76643190,BTW,NL860720287B01
Netherlands,FixPart.nl,KvK,73197416,BTW,NL859395546B01
Netherlands,shop35,KvK,68952880,BTW,NL001467064B40
Netherlands,Dewinkelvoorsenioren.nl,KvK,71006818,BTW,NL66  0006 4381 77
Netherlands,Dewinkelvoorsenioren.nl,KvK,71006818,BTW,NL001299583 B86
Netherlands,artencraft.be,KvK,1755,BTW,
Netherlands,Topshop.nu,KvK,70544239,BTW,
Netherlands,winkelwagenonline,KvK,60340878,BTW,NL853865899B01
Netherlands,Like2Cook,KvK,63102293,BTW,
Netherlands,HancaBazaar BV.,KvK,77434161,BTW,NL861006306B01
Netherlands,CoolSound.nl,KvK,,BTW,NL853793906B01
Netherlands,CoolSound.nl,KvK,,BTW,NL65ABNA0589668404 BIC
Netherlands,Retourplaza,KvK,63515954,BTW,NL855270044B01
Netherlands,Retourplaza,KvK,2017,BTW,NL855270044B01
Netherlands,eBay - buybay_wholesale,KvK,,BTW,
Netherlands,Van der Linde,KvK,BTW,BTW,
Netherlands,dibozoo.nl,KvK,06006563,BTW,NL813122247B01
Netherlands,directkweken.nl,KvK,65313216,BTW,NL 856061748B01
Netherlands,directkweken.nl,KvK,65313216,BTW,NL71  0007 1455 08
Netherlands,Haico Tweewielers,KvK,31029081,BTW,
Netherlands,OnderdelenExpert,KvK,51523272,BTW,NL150482632B01
Netherlands,Elektrovakhandel firma Joh.Kock,KvK,27147636,BTW,NL802623347B01
Netherlands,Witgoedbedrijf.nl,KvK,71402411,BTW,
Netherlands,Inbouw.nl,KvK,34154668,BTW,NL36ABNA0473070367
Netherlands,Inbouw.nl,KvK,34154668,BTW,NL809750430B01
Netherlands,Paulissen Witgoed,KvK,18053814,BTW,
Netherlands,Beterwitgoed.nl,KvK,,BTW,NL41ABNA0456804056 BIC
Netherlands,Beterwitgoed.nl,KvK,,BTW,NL823525934B01
Netherlands,Beterwitgoed.nl,KvK,,BTW,NL823525934B01 KVK
Netherlands,Witgoedhuis,KvK,11064897,BTW,NL81530B01
Netherlands,XAB,KvK,59787155,BTW,NL853644093B01
Netherlands,El-Vidas.nl,KvK,69564078,BTW,NL 857920376B01
Netherlands,El-Vidas.nl,KvK,69564078,BTW,NL72  0340 4326 75
Netherlands,Hermans Trading Witgoed Outlet,KvK,69285853,BTW,NL857816718B01 KVK
Netherlands,Hermans Trading Witgoed Outlet,KvK,69285853,BTW,NL857816718B01
Netherlands,Hermans Trading Witgoed Outlet,KvK,69285853,BTW,NL66  0317 4427 16
Netherlands,Miele.nl,KvK,,BTW,NL 001237214B01
Netherlands,Keukenloods.nl,KvK,34154668,BTW,NL809750430B01
Netherlands,Keukenloods.nl,KvK,34154668,BTW,NL98  0473 1891 43
Netherlands,Apollo,KvK,39084407,BTW,NL812841876B01
Netherlands,KitchenOnline.nl,KvK,30178744,BTW,
Netherlands,Veiligkopen,KvK,27272228,BTW,
Netherlands,Veldkamp Keukens,KvK,,BTW,
Netherlands,Vivolanda.nl,KvK,24287108,BTW,NL807111478B01
Netherlands,eibabo.nl,KvK,,BTW,
Netherlands,Airfryertotaal,KvK,74790935,BTW,
Netherlands,OR Media,KvK,58457631,BTW,NL853048101B01
Netherlands,BonjourOutdoor.nl,KvK,63609835,BTW,NL855313092B01
Netherlands,HuisEnTuin.Online,KvK,77730992,BTW,NL003232521B12
Netherlands,HuisEnTuin.Online,KvK,77730992,BTW,NL88  0353 1920 58
Netherlands,Peek & Cloppenburg,,,BTW,NL825904298B01
Netherlands,Wild Store,,,BTW,NL 817601
Netherlands,Wild Store,,,BTW,NL74DEUT0507197216 BIC
Netherlands,vila.nl,,,BTW,NL60  0301936307 BIC RABONL2U
Netherlands,vila.nl,,,BTW,NL804396097B01
Netherlands,vila.nl,,,BTW,NL60  0301936307 BICU2LNOBAR
Netherlands,MAX15,,,BTW,NL854724199B01
Netherlands,Street One,,,BTW,NL823533888B01
Netherlands,Intersport,,,BTW,NL800656337B01
Netherlands,Sportpaleis.nl,,,BTW,NL69  0100
Netherlands,Sportpaleis.nl,,,BTW,NL80007B01
Netherlands,JD Sports Nederland,,,BTW,NL852752337B01
Netherlands,Sporthuis.nl,,,BTW,NL823301
Netherlands,adidas.nl,,,BTW,NL 003701
Netherlands,adidas.nl,,,BTW,NL 0037
Netherlands,Sportschoenshop,,,BTW,NL855335348B01
Netherlands,Reebok.nl,,,BTW,NL 0037
Netherlands,Deens Design,,,BTW,NL863096165B01
Netherlands,4UDesigned.nl,,,BTW,NL822579297B01 ABN
Netherlands,4UDesigned.nl,,,BTW,NL822579297B01
Netherlands,4UDesigned.nl,,,BTW,NL21ABNA0473875543
Netherlands,MD Living,,,BTW,NL862435407B01
Netherlands,Holland & Barrett NL,,,BTW,NL 007440029 B01
Netherlands,Voordeelvloeren.nl,,,BTW,NL60RABO 0112189563
Netherlands,Delscher,,,BTW,NL814701
Netherlands,Promiss,,,BTW,NL 823776050 B01
Netherlands,Hollister Co - Official,,,BTW,NL 850551043B01
Netherlands,Alensa.nl,,,BTW,NL BTW
Netherlands,Alensa.nl,,,BTW,NL824211753B01
Netherlands,Durlinger,,,BTW,NL803765265B01
Netherlands,Durlinger,,,BTW,NL 817509744B01
Netherlands,Durlinger,,,BTW,NL83INGB0652479405
Netherlands,Mason Garments,,,BTW,NL04ABNA0441618790
Netherlands,Epplejeck NL,,,BTW,NL855474919B01
Netherlands,Dille & Kamille,,,BTW,NL005574237B01
Netherlands,Watersports Outlet NL,,,BTW,NL856556427
Netherlands,Watersports Outlet NL,,,BTW,NL856556427B01
Netherlands,Wear-it! Men's Fashion,,,BTW,NL850263098 B01
Netherlands,Hout en Plezier,,,BTW,NL001655282B86
Netherlands,Karwei.nl,,,BTW,NL005681108
Netherlands,vidaXL.nl,,,BTW,NL850657702B01
Netherlands,Sanitairkamer.nl,,,BTW,NL 854001
Netherlands,Blokker.nl,,,BTW,NL52RABO0325303266
Netherlands,Blokker.nl,,,BTW,NL806698603B01
Netherlands,GYZS.nl,,,BTW,NL8503
Netherlands,GYZS.nl,,,BTW,NL85ABNA0567277437
Netherlands,Rubberbootexpert.nl,,,BTW,NL816920850 B01
Netherlands,Rubberbootexpert.nl,,,BTW,NL56  0116 3857 58
Netherlands,Babylux,,,BTW,NL826162605B01
Netherlands,Back Market,,,BTW,NL002470728B92
Netherlands,Voordeligwitgoed.nl,,,BTW,NL819601
Netherlands,Keukenwinkel in Vinkel,,,BTW,NL819601
Netherlands,De Schouw Witgoed,,,BTW,NL806402180B01
Netherlands,subtel.nl,,,BTW,NL820698659B01
Netherlands,Coolshop.nl,,,BTW,NL 824007943B01
Germany,Zalando.nl,HRB,158855 B,USt,
Germany,Zalando.nl,HRB,158855 B,USt-ID,
Germany,Zalando.nl,HRB,158855B,USt,
Germany,Zalando.nl,HRB,158855B,USt-ID,
Germany,bol.com,HRB,,USt,
Germany,bol.com,HRB,,USt-ID,
Germany,beslist.nl,HRB,,USt,
Germany,beslist.nl,HRB,,USt-ID,
Germany,gerstaecker.nl,HRB,12031,USt,DE285026769 BTW
Germany,gerstaecker.nl,HRB,12031,USt-ID,DE285026769 BTW
Germany,sloggi.com,HRB,5682,USt,DE 811170293
Germany,sloggi.com,HRB,5682,USt-ID,DE 811170293
Germany,V&D,HRB,98273,USt,DE 293242374
Germany,V&D,HRB,98273,USt-ID,DE 293242374
Germany,OTTO,HRB,,USt,
Germany,OTTO,HRB,,USt-ID,
Germany,fruugo.nl,HRB,1v 1800mah 50c 4s  xt60,USt,
Germany,fruugo.nl,HRB,1v 1800mah 50c 4s  xt60,USt-ID,
Germany,Dressinn.com,HRB,και το  9,USt,
Germany,Dressinn.com,HRB,και το  9,USt-ID,
Germany,Stylefile.nl,HRB,14689,USt,
Germany,Stylefile.nl,HRB,14689,USt-ID,
Germany,ABOUT YOU,HRB,168438,USt,
Germany,ABOUT YOU,HRB,168438,USt-ID,
Germany,Impericon,HRB,25392,USt,DE267330102
Germany,Impericon,HRB,25392,USt-ID,DE267330102
Germany,def-shop.nl,HRB,164900 B,USt,
Germany,def-shop.nl,HRB,164900 B,USt-ID,
Germany,Peek & Cloppenburg,HRB,68021,USt,
Germany,Peek & Cloppenburg,HRB,68021,USt-ID,
Germany,tom-tailor.nl,HRB,148471,USt,
Germany,tom-tailor.nl,HRB,148471,USt-ID,
Germany,Bomont,HRB,,USt,
Germany,Bomont,HRB,,USt-ID,
Germany,limango.nl,HRB,138105 KvK München,USt,
Germany,limango.nl,HRB,138105 KvK München,USt-ID,
Germany,C&A,HRB,752904,USt,
Germany,C&A,HRB,752904,USt-ID,
Germany,Mieps en Mams,HRB,,USt,
Germany,Mieps en Mams,HRB,,USt-ID,
Germany,Max ICT,HRB,Max ICT,USt,
Germany,Max ICT,HRB,Max ICT,USt-ID,
Germany,INNO,HRB,39109,USt,DE256784039
Germany,INNO,HRB,39109,USt-ID,DE256784039
Germany,BSTN Store,HRB,216985,USt,
Germany,BSTN Store,HRB,216985,USt-ID,
Germany,LARGE.nl,HRB,100299,USt,
Germany,LARGE.nl,HRB,100299,USt-ID,
Germany,dress-for-less.nl,HRB,96610,USt,DE311775086
Germany,dress-for-less.nl,HRB,96610,USt-ID,DE311775086
Germany,Mamaloesbabysjop.nl,HRB,,USt,
Germany,Mamaloesbabysjop.nl,HRB,,USt-ID,
Germany,Wish,HRB,1V 5000mAh 50C Max 55C 3S RC   For RC    Li,USt,
Germany,Wish,HRB,1V 5000mAh 50C Max 55C 3S RC   For RC    Li,USt-ID,
Germany,LightInTheBox,HRB,2V 50C 6000mAh,USt,
Germany,LightInTheBox,HRB,2V 50C 6000mAh,USt-ID,
Germany,Reserved,HRB,130936 USt,USt,DE293682602
Germany,Reserved,HRB,130936 USt,USt-ID,DE293682602
Germany,Reserved,USt-IdNr,,USt,DE293682602
Germany,Reserved,USt-IdNr,,USt-ID,DE293682602
Germany,Van Dijk Waalwijk,HRB,423,USt,
Germany,Van Dijk Waalwijk,HRB,423,USt-ID,
Germany,Street One,HRB,218 458,USt,
Germany,Street One,HRB,218 458,USt-ID,
Germany,TeamShirts.nl,HRB,22478,USt,
Germany,TeamShirts.nl,HRB,22478,USt-ID,
Germany,TeamShirts.nl,HRB,HRB 22478,USt,
Germany,TeamShirts.nl,HRB,HRB 22478,USt-ID,
Germany,Overhemden.com,HRB,10331,USt,DE306331933
Germany,Overhemden.com,HRB,10331,USt-ID,DE306331933
Germany,Overhemden.com,USt-IdNr,,USt,DE306331933
Germany,Overhemden.com,USt-IdNr,,USt-ID,DE306331933
Germany,Pinkorblue.nl,HRB,18909 KvK,USt,
Germany,Pinkorblue.nl,HRB,18909 KvK,USt-ID,
Germany,Pinkorblue.nl,HRB,18909,USt,
Germany,Pinkorblue.nl,HRB,18909,USt-ID,
Germany,Etsy - JuulviHandmade,HRB,,USt,
Germany,Etsy - JuulviHandmade,HRB,,USt-ID,
Germany,AliExpress.com,HRB,,USt,
Germany,AliExpress.com,HRB,,USt-ID,
Germany,Etsy - Seller,HRB,,USt,
Germany,Etsy - Seller,HRB,,USt-ID,
Germany,New Kids Mini & Teens,HRB,NCP,USt,
Germany,New Kids Mini & Teens,HRB,NCP,USt-ID,
Germany,JD Sports Nederland,HRB,95146,USt,
Germany,JD Sports Nederland,HRB,95146,USt-ID,
Germany,Knuffeldiscounter.nl,HRB,,USt,
Germany,Knuffeldiscounter.nl,HRB,,USt-ID,
Germany,Country Attire,HRB,Is Blu,USt,
Germany,Country Attire,HRB,Is Blu,USt-ID,
Germany,Tennis-Point.nl,HRB,9528,USt,
Germany,Tennis-Point.nl,HRB,9528,USt-ID,
Germany,Schoenenoutletonline.nl,HRB,,USt,
Germany,Schoenenoutletonline.nl,HRB,,USt-ID,
Germany,Onlineschoenenwinkel.nl,HRB,,USt,
Germany,Onlineschoenenwinkel.nl,HRB,,USt-ID,
Germany,Traininn.com,HRB,και το  9,USt,
Germany,Traininn.com,HRB,και το  9,USt-ID,
Germany,Keller-Sports.nl,HRB,189761,USt,
Germany,Keller-Sports.nl,HRB,189761,USt-ID,
Germany,FALKE,HRB,7593,USt,
Germany,FALKE,HRB,7593,USt-ID,
Germany,Drogisterij.net,HRB,,USt,
Germany,Drogisterij.net,HRB,,USt-ID,
Germany,Mantel,HRB,,USt,
Germany,Mantel,HRB,,USt-ID,
Germany,fonQ.nl,HRB,7540,USt,DE232600313
Germany,fonQ.nl,HRB,7540,USt-ID,DE232600313
Germany,Correct,HRB,,USt,
Germany,Correct,HRB,,USt-ID,
Germany,Parfumdreams.NL,HRB,581012,USt,
Germany,Parfumdreams.NL,HRB,581012,USt-ID,
Germany,lampen24.nl,HRB,8407,USt,DE 815 559 897
Germany,lampen24.nl,HRB,8407,USt-ID,DE 815 559 897
Germany,Alexnld.com,HRB,,USt,
Germany,Alexnld.com,HRB,,USt-ID,
Germany,besteonderdelen.nl,HRB,233377 B,USt,DE260634589
Germany,besteonderdelen.nl,HRB,233377 B,USt-ID,DE260634589
Germany,Beautyplaza.com,HRB,HRB 85919,USt,
Germany,Beautyplaza.com,HRB,HRB 85919,USt-ID,
Germany,fashionette.nl,HRB,91139,USt,DE306883975
Germany,fashionette.nl,HRB,91139,USt-ID,DE306883975
Germany,eBay - wotseriekelepelstraat,HRB,,USt,
Germany,eBay - wotseriekelepelstraat,HRB,,USt-ID,
Germany,baslerbeauty NL,HRB,753526,USt,
Germany,baslerbeauty NL,HRB,753526,USt-ID,
Germany,Multibazar,HRB,757223,USt,
Germany,Multibazar,HRB,757223,USt-ID,
Germany,Esprit NL,HRB,47277,USt,DE 814336381
Germany,Esprit NL,HRB,47277,USt-ID,DE 814336381
Germany,Thomann NL,HRB,5862,USt,
Germany,Thomann NL,HRB,5862,USt-ID,
Germany,Etsy - AliciaZenobia,HRB,,USt,
Germany,Etsy - AliciaZenobia,HRB,,USt-ID,
Germany,Bouwbestel.nl,HRB,8157,USt,DE209411312
Germany,Bouwbestel.nl,HRB,8157,USt-ID,DE209411312
Germany,Azerty,HRB,W Kb Wht Isk,USt,
Germany,Azerty,HRB,W Kb Wht Isk,USt-ID,
Germany,Etsy - PrintableGiftFinds,HRB,,USt,
Germany,Etsy - PrintableGiftFinds,HRB,,USt-ID,
Germany,De Diamond Painter,HRB,,USt,
Germany,De Diamond Painter,HRB,,USt-ID,
Germany,Etsy - hylandlatexmoulds,HRB,,USt,
Germany,Etsy - hylandlatexmoulds,HRB,,USt-ID,
Germany,Etsy - Willane,HRB,,USt,
Germany,Etsy - Willane,HRB,,USt-ID,
Germany,HUGO BOSS,HRB,36 06 10,USt,DE 147164472
Germany,HUGO BOSS,HRB,36 06 10,USt-ID,DE 147164472
Germany,Etsy - EBRUJEWELRY,HRB,,USt,
Germany,Etsy - EBRUJEWELRY,HRB,,USt-ID,
Germany,Etsy - CaliHipsterCo,HRB,,USt,
Germany,Etsy - CaliHipsterCo,HRB,,USt-ID,
Germany,Afound.com,HRB,9330,USt,DE238913546
Germany,Afound.com,HRB,9330,USt-ID,DE238913546
Germany,Mister Spex,HRB,230317 B,USt,
Germany,Mister Spex,HRB,230317 B,USt-ID,
Germany,Mister Spex,HRB,230317 B BTW,USt,
Germany,Mister Spex,HRB,230317 B BTW,USt-ID,
Germany,Edel-Optics NL,HRB,108926,USt,DE264070174
Germany,Edel-Optics NL,HRB,108926,USt-ID,DE264070174
Germany,Brillen24.nl,HRB,207881,USt,DE282542723
Germany,Brillen24.nl,HRB,207881,USt-ID,DE282542723
Germany,Swatch NL,HRB,41877,USt,DE81638597
Germany,Swatch NL,HRB,41877,USt-ID,DE81638597
Germany,Swatch NL,HRB,41877,USt,DE113877821
Germany,Swatch NL,HRB,41877,USt-ID,DE113877821
Germany,valmano.nl,HRB,150237,USt,DE815430111
Germany,valmano.nl,HRB,150237,USt-ID,DE815430111
Germany,Etsy - HistoryInWatch,HRB,,USt,
Germany,Etsy - HistoryInWatch,HRB,,USt-ID,
Germany,Mastertools.nl,HRB,225 109,USt,
Germany,Mastertools.nl,HRB,225 109,USt-ID,
Germany,ToolMax.nl,HRB,225 109,USt,
Germany,ToolMax.nl,HRB,225 109,USt-ID,
Germany,Lidl.nl,HRB,751331,USt,DE297802026
Germany,Lidl.nl,HRB,751331,USt-ID,DE297802026
Germany,eBay,HRB,,USt,
Germany,eBay,HRB,,USt-ID,
Germany,Standaard Boekhandel,HRB,,USt,
Germany,Standaard Boekhandel,HRB,,USt-ID,
Germany,Marc O'Polo Shop - NL,HRB,6720,USt,DE131177357
Germany,Marc O'Polo Shop - NL,HRB,6720,USt-ID,DE131177357
Germany,Sextoyland,HRB,204097,USt,
Germany,Sextoyland,HRB,204097,USt-ID,
Germany,Horeca.SHOP,HRB,13144 HL  Lübeck,USt,
Germany,Horeca.SHOP,HRB,13144 HL  Lübeck,USt-ID,
Germany,Etsy - GalleryDemeterShop,HRB,,USt,
Germany,Etsy - GalleryDemeterShop,HRB,,USt-ID,
Germany,Carhartt Work in Progress,HRB,413103,USt,DE228 317808
Germany,Carhartt Work in Progress,HRB,413103,USt-ID,DE228 317808
Germany,Etsy - Bunny177Cloud183,HRB,,USt,
Germany,Etsy - Bunny177Cloud183,HRB,,USt-ID,
Germany,Paagman,HRB,LLC,USt,
Germany,Paagman,HRB,LLC,USt-ID,
Germany,Party.nl,HRB,204840,USt,DE281781566
Germany,Party.nl,HRB,204840,USt-ID,DE281781566
Germany,Babypark,HRB,,USt,
Germany,Babypark,HRB,,USt-ID,
Germany,Kindermaxx NL,HRB,213764 USt,USt,DE296811693
Germany,Kindermaxx NL,HRB,213764 USt,USt-ID,DE296811693
Germany,Kindermaxx NL,USt-IdNr,DE296811693,USt,DE296811693
Germany,Kindermaxx NL,USt-IdNr,DE296811693,USt-ID,DE296811693
Germany,Albert Heijn,HRB,CLT,USt,
Germany,Albert Heijn,HRB,CLT,USt-ID,
Germany,Dennisdeal.com,HRB,,USt,
Germany,Dennisdeal.com,HRB,,USt-ID,
Germany,Etsy - boxroomprintshop,HRB,,USt,
Germany,Etsy - boxroomprintshop,HRB,,USt-ID,
Germany,Etsy - TheSupplyGuy,HRB,,USt,
Germany,Etsy - TheSupplyGuy,HRB,,USt-ID,
Germany,Etsy - PartyPiecesCo,HRB,,USt,
Germany,Etsy - PartyPiecesCo,HRB,,USt-ID,
Germany,home24.nl,HRB,196337 B,USt,
Germany,home24.nl,HRB,196337 B,USt-ID,
Germany,Etsy - ArtCrist,HRB,,USt,
Germany,Etsy - ArtCrist,HRB,,USt-ID,
Germany,Toy Better,HRB,,USt,
Germany,Toy Better,HRB,,USt-ID,
Germany,Blitzhandel24.nl,HRB,204257,USt,
Germany,Blitzhandel24.nl,HRB,204257,USt-ID,
Germany,Werken met Merken,HRB,399,USt,
Germany,Werken met Merken,HRB,399,USt-ID,
Germany,Titus NL,HRB,4949,USt,
Germany,Titus NL,HRB,4949,USt-ID,
Germany,Winparts.nl,HRB,,USt,
Germany,Winparts.nl,HRB,,USt-ID,
Germany,Conrad.nl,HRB,,USt,
Germany,Conrad.nl,HRB,,USt-ID,
Germany,Klium.nl,HRB,1673,USt,DE 175 516 716
Germany,Klium.nl,HRB,1673,USt-ID,DE 175 516 716
Germany,Bouwmaat.nl,HRB,Nr 95709,USt,
Germany,Bouwmaat.nl,HRB,Nr 95709,USt-ID,
Germany,Gamma.nl,HRB,3662,USt,
Germany,Gamma.nl,HRB,3662,USt-ID,
Germany,Karwei.nl,HRB,3662,USt,
Germany,Karwei.nl,HRB,3662,USt-ID,
Germany,Praxis,HRB,,USt,
Germany,Praxis,HRB,,USt-ID,
Germany,Bikeinn.com,HRB,και το  9,USt,
Germany,Bikeinn.com,HRB,και το  9,USt-ID,
Germany,Conrad,HRB,,USt,
Germany,Conrad,HRB,,USt-ID,
Germany,Philips Hue NL,HRB,138583,USt,DE812104547
Germany,Philips Hue NL,HRB,138583,USt-ID,DE812104547
Germany,Philips Hue NL,USt-IdNr,DE812104547,USt,DE812104547
Germany,Philips Hue NL,USt-IdNr,DE812104547,USt-ID,DE812104547
Germany,Etsy - MuttiDesignsLaden,HRB,,USt,
Germany,Etsy - MuttiDesignsLaden,HRB,,USt-ID,
Germany,Etsy - PandoriaLLC,HRB,,USt,
Germany,Etsy - PandoriaLLC,HRB,,USt-ID,
Germany,Redbubble,HRB,,USt,
Germany,Redbubble,HRB,,USt-ID,
Germany,Etsy - MrExplorer,HRB,,USt,
Germany,Etsy - MrExplorer,HRB,,USt-ID,
Germany,Westfalia EU,HRB,1760,USt,DE 62001958
Germany,Westfalia EU,HRB,1760,USt-ID,DE 62001958
Germany,Westfalia EU,HRB,1760,USt,DE 814 415 508
Germany,Westfalia EU,HRB,1760,USt-ID,DE 814 415 508
Germany,Installatievakwinkel.nl,HRB,212 842,USt,DE 812975640
Germany,Installatievakwinkel.nl,HRB,212 842,USt-ID,DE 812975640
Germany,Installatievakwinkel.nl,USt-IdNr,,USt,DE 812975640
Germany,Installatievakwinkel.nl,USt-IdNr,,USt-ID,DE 812975640
Germany,Bauhaus,HRB,,USt,
Germany,Bauhaus,HRB,,USt-ID,
Germany,villeroy-boch.nl,HRB,63610,USt,
Germany,villeroy-boch.nl,HRB,63610,USt-ID,
Germany,Action,HRB,76649,USt,DE267643744
Germany,Action,HRB,76649,USt-ID,DE267643744
Germany,GYZS.nl,HRB,1931,USt,
Germany,GYZS.nl,HRB,1931,USt-ID,
Germany,Toolstation.nl,HRB,,USt,
Germany,Toolstation.nl,HRB,,USt-ID,
Germany,Douchezaak.nl,HRB,215,USt,
Germany,Douchezaak.nl,HRB,215,USt-ID,
Germany,Saniweb.nl,HRB,63610,USt,
Germany,Saniweb.nl,HRB,63610,USt-ID,
Germany,reichelt.nl,HRB,130281,USt,DE 58715331
Germany,reichelt.nl,HRB,130281,USt-ID,DE 58715331
Germany,reichelt.nl,HRB,130281,USt,DE 259817039
Germany,reichelt.nl,HRB,130281,USt-ID,DE 259817039
Germany,Voordeligste Drogist,HRB,,USt,
Germany,Voordeligste Drogist,HRB,,USt-ID,
Germany,Drogisterijaanbiedingen.nl,HRB,,USt,
Germany,Drogisterijaanbiedingen.nl,HRB,,USt-ID,
Germany,Koopjesdrogisterij.nl,HRB,,USt,
Germany,Koopjesdrogisterij.nl,HRB,,USt-ID,
Germany,Ajax Shop Official,HRB,,USt,
Germany,Ajax Shop Official,HRB,,USt-ID,
Germany,Etsy - vmlstuff,HRB,,USt,
Germany,Etsy - vmlstuff,HRB,,USt-ID,
Germany,Muldi,HRB,399,USt,
Germany,Muldi,HRB,399,USt-ID,
Germany,Techinn.com,HRB,6100 AT 71L,USt,
Germany,Techinn.com,HRB,6100 AT 71L,USt-ID,
Germany,Kantoorartikelen.nl,HRB,PAB,USt,
Germany,Kantoorartikelen.nl,HRB,PAB,USt-ID,
Germany,Ventilatieland,HRB,560366,USt,
Germany,Ventilatieland,HRB,560366,USt-ID,
Germany,Ventilatieland.be,HRB,560366,USt,
Germany,Ventilatieland.be,HRB,560366,USt-ID,
Germany,tink.nl,HRB,175701B,USt,DE306354131
Germany,tink.nl,HRB,175701B,USt-ID,DE306354131
Germany,MediaMarkt,HRB,,USt,
Germany,MediaMarkt,HRB,,USt-ID,
Germany,Bricoinn.com,HRB,6100 AT 71L,USt,
Germany,Bricoinn.com,HRB,6100 AT 71L,USt-ID,
Germany,Expert,HRB,,USt,
Germany,Expert,HRB,,USt-ID,
Germany,ANWB,HRB,KvK,USt,
Germany,ANWB,HRB,KvK,USt-ID,
Germany,Twaiko,HRB,6300 ATS,USt,
Germany,Twaiko,HRB,6300 ATS,USt-ID,
Germany,Wasserman.eu,HRB,6300,USt,
Germany,Wasserman.eu,HRB,6300,USt-ID,
Germany,CheapMondo,HRB,B 11828,USt,DE300102515
Germany,CheapMondo,HRB,B 11828,USt-ID,DE300102515
Germany,NESPRESSO,HRB,49209,USt,DE262128373 DE
Germany,NESPRESSO,HRB,49209,USt-ID,DE262128373 DE
Germany,Back Market,HRB,221684,USt,DE338207650
Germany,Back Market,HRB,221684,USt-ID,DE338207650
Germany,hevutools.nl,HRB,,USt,
Germany,hevutools.nl,HRB,,USt-ID,
Germany,Van den Elzen caravans en recreatie,HRB,,USt,
Germany,Van den Elzen caravans en recreatie,HRB,,USt-ID,
Germany,Hollandbikeshop.com,HRB,59481382,USt,
Germany,Hollandbikeshop.com,HRB,59481382,USt-ID,
Germany,Bike Totaal,HRB,15285,USt,DE 216 128 232
Germany,Bike Totaal,HRB,15285,USt-ID,DE 216 128 232
Germany,Sense Say,HRB,,USt,
Germany,Sense Say,HRB,,USt-ID,
Germany,Dustin Home NL,HRB,,USt,
Germany,Dustin Home NL,HRB,,USt-ID,
Germany,Arredatutto.com,HRB,160,USt,
Germany,Arredatutto.com,HRB,160,USt-ID,
Germany,eBay - buybay_wholesale,HRB,RC   2S  6S 1v 2v 2200mah   5k 6k 7k,USt,
Germany,eBay - buybay_wholesale,HRB,RC   2S  6S 1v 2v 2200mah   5k 6k 7k,USt-ID,
Germany,Bikester.nl,HRB,,USt,
Germany,Bikester.nl,HRB,,USt-ID,
Germany,Miele.nl,HRB,8599,USt,DE239415234
Germany,Miele.nl,HRB,8599,USt-ID,DE239415234
Germany,subtel.nl,HRB,135199 B    BTW,USt,
Germany,subtel.nl,HRB,135199 B    BTW,USt-ID,
Germany,eibabo.nl,HRB,25845,USt,DE271394772
Germany,eibabo.nl,HRB,25845,USt-ID,DE271394772
Germany,Brickshop.be,,,USt,DE326436526
Germany,Brickshop.be,,,USt-ID,DE326436526
Germany,AndLight.nl,,,USt,DE32562744
Germany,AndLight.nl,,,USt-ID,DE32562744
Germany,Foodworld-XL,,,USt,DE815615759 BTW
Germany,Foodworld-XL,,,USt-ID,DE815615759 BTW
Austria,Douglas.nl,FN,T01,MwSt,
Austria,Douglas.nl,FN,T02,MwSt,
Austria,Douglas.nl,FN,T03,MwSt,
Austria,Been+Body,UID,,MwSt,
Austria,fruugo.nl,UID,,MwSt,
Austria,Drogist.nl,UID,,MwSt,
Austria,Wehkamp,FN,,MwSt,
Austria,Runforest.com NL,UID,,MwSt,
Austria,Lofty Manner,UID,,MwSt,
Austria,Sake Store Fashion & Shoes,FN,KvK,MwSt,
Austria,Cotton District,UID,74a,MwSt,
Austria,Zents,FN,KvK,MwSt,
Austria,Glashandelonline.com,FN,,MwSt,
Austria,Bristol.nl,UID,,MwSt,
Austria,Heppo.com NL,UID,,MwSt,
Austria,geomix-shop.nl,FN,306101,MwSt,
Austria,Schoenenoutletonline.nl,UID,,MwSt,
Austria,Onlineschoenenwinkel.nl,UID,,MwSt,
Austria,Drogisterij.net,UID,100,MwSt,
Austria,vtwonen.nl,UID,,MwSt,
Austria,Proluca Interiors,FN,,MwSt,
Austria,Thewatchshopper,FN,KvK,MwSt,
Austria,Vodelca XXL,UID,,MwSt,
Austria,Perfumes Club NL,UID,BTW,MwSt,
Austria,Hunterlaarzen.nl,FN,KvK,MwSt,
Austria,Kruidvat.nl,UID,,MwSt,
Austria,Corry Kousen Sokken,UID,,MwSt,
Austria,Watches Megastore NL - 9922_TIC Watches,FN,KvK,MwSt,
Austria,TopShoe.nl,FN,,MwSt,
Austria,NiceSupplies.nl,FN,,MwSt,
Austria,Werken met Merken,FN,5  5,MwSt,
Austria,Zitmaxx Wonen,FN,,MwSt,
Austria,BeastyBike,UID,3 7941 GA,MwSt,
Austria,De Verfzaak,FN,KvK,MwSt,
Austria,Verfwinkel.nl,FN,KvK,MwSt,
Austria,Verfonline-XL,FN,KvK,MwSt,
Austria,Voordeligste Drogist,UID,,MwSt,
Austria,Wildkamp,UID,59 7775 AC  KvK,MwSt,
Austria,Deoosteindeonline.nl,UID,,MwSt,
Austria,BikeExchange,UID,1 7121 EX,MwSt,
Austria,QualityLamps.eu,UID,,MwSt,
Austria,Dewinkelvoorsenioren.nl,UID,,MwSt,
Austria,Inbouw.nl,UID,,MwSt,
Austria,Witgoedhuis,UID,,MwSt,
Austria,Kindermaxx NL,,,MwSt,ATU70227989
France,bol.com,SIRET,,TVA,
France,gerstaecker.nl,SIRET,,TVA,
France,ASOS,SIRET,,TVA,
France,C&A,SIRET,662,TVA,
France,Mieps en Mams,SIRET,,TVA,
France,Wish,SIRET,,TVA,
France,LightInTheBox,SIREN,fetițe îmbracă     naștere,TVA,
France,LightInTheBox,SIRET,fetițe îmbracă     naștere,TVA,
France,Van Dijk Waalwijk,SIRET,500 425 699 00013,TVA,
France,Decathlon,SIRET,306 138 9000 2326,TVA,
France,Edisac.be,SIREN,522 043 348,TVA,
France,Edisac.be,SIRET,522 043 348 00013,TVA,
France,Runnerinn.com,SIRET,,TVA,
France,Etsy - JuulviHandmade,SIRET,,TVA,
France,AliExpress.com,SIRET,,TVA,
France,Etsy - Seller,SIRET,,TVA,
France,Lincherie,SIRET,,TVA,
France,fonQ.nl,SIRET,KVK 31,TVA,
France,Beautyplaza.com,SIRET,83817766500018,TVA,
France,shop.mango.com,SIRET,100,TVA,
France,Biblio.com - East West Books LLC,SIRET,,TVA,
France,eBay - wotseriekelepelstraat,SIREN,501 984 520 RCS,TVA,
France,eBay - wotseriekelepelstraat,SIRET,501 984 520 00012,TVA,
France,BeautyTheShop,SIRET,,TVA,
France,Thomann NL,SIRET,433 430 832 00108,TVA,FR 39 433430832
France,Etsy - AliciaZenobia,SIRET,,TVA,
France,De Slegte,SIRET,,TVA,
France,Dodax.nl,SIRET,The,TVA,
France,Etsy - PrintableGiftFinds,SIRET,,TVA,
France,Etsy - hylandlatexmoulds,SIRET,,TVA,
France,Etsy - Willane,SIRET,,TVA,
France,Etsy - EBRUJEWELRY,SIRET,,TVA,
France,Etsy - CaliHipsterCo,SIRET,,TVA,
France,Afound.com,SIRET,519 441 190 00096,TVA,FR55519441190C
France,Swatch NL,SIRET,542 077 391 00291,TVA,FR25 542 077 391
France,Etsy - HistoryInWatch,SIRET,,TVA,
France,eBay,SIREN,501 984 520 RCS,TVA,
France,eBay,SIRET,501 984 520 00012,TVA,
France,Standaard Boekhandel,SIRET,,TVA,
France,Etsy - GalleryDemeterShop,SIRET,,TVA,
France,BasketZone.net,SIRET,Rue,TVA,
France,Etsy - Bunny177Cloud183,SIRET,,TVA,
France,Paagman,SIRET,The,TVA,
France,Etsy - boxroomprintshop,SIRET,,TVA,
France,Etsy - TheSupplyGuy,SIRET,,TVA,
France,DeZwerver.nl,SIRET,,TVA,
France,Etsy - PartyPiecesCo,SIRET,,TVA,
France,Coolblue,SIRET,530 072 206 00028,TVA,
France,Etsy - ArtCrist,SIRET,,TVA,
France,Toy Better,SIRET,BTW,TVA,
France,Toolmaster,SIRET,337 617 963 00083,TVA,
France,Klium.nl,SIRET,381 984 921 00019,TVA,
France,Hornbach.nl,SIRET,,TVA,
France,Bouwmaat.nl,SIRET,,TVA,
France,123led.nl,SIRET,,TVA,
France,Etsy - MuttiDesignsLaden,SIRET,,TVA,
France,Etsy - PandoriaLLC,SIRET,,TVA,
France,Redbubble,SIRET,,TVA,
France,Etsy - MrExplorer,SIRET,,TVA,
France,Douchezaak.nl,SIRET,780 129 987,TVA,
France,reichelt.nl,SIRET,530 072 206 00028,TVA,
France,Etsy - vmlstuff,SIRET,,TVA,
France,Muldi,SIRET,77564972600160,TVA,FR 88775649726
France,Belsimpel,SIRET,530 072 206 00028,TVA,
France,ROBBshop,SIRET,,TVA,
France,MijnTuin.org,SIRET,,TVA,
France,ANWB,SIRET,,TVA,
France,CheapMondo,SIRET,,TVA,
France,Back Market,SIRET,76558746,TVA,
France,Back Market,SIRET,HRB 221684,TVA,
France,Back Market,SIRET,BE054669,TVA,
France,Van den Elzen caravans en recreatie,SIRET,,TVA,
France,Hollandbikeshop.com,SIRET,59481382,TVA,
France,Sense Say,SIRET,,TVA,
France,Dustin Home NL,SIRET,BTW,TVA,
France,FixPart.nl,SIRET,,TVA,
France,Arredatutto.com,SIRET,64177,TVA,
France,eBay - buybay_wholesale,SIREN,501 984 520 RCS,TVA,
France,eBay - buybay_wholesale,SIRET,501 984 520 00012,TVA,
France,Sarenza.nl,,,TVA,FR 064 801 885 07
France,Spartoo.nl,,,TVA,FR26489895821
France,Sportisgood NL,,,TVA,FR65504226614
France,Destock-Position NL,,,TVA,FR65504226614
France,INNO,,,TVA,FR34332349232
France,Sneakids NL,,,TVA,FR65504226614
France,Kiabi.nl,,,TVA,FR 17 795157825
France,nl.hardloop.com,,,TVA,FR01 802 166 199
Luxembourg,Sportisgood NL,RCS,,TVA,
Luxembourg,Destock-Position NL,RCS,,TVA,
Luxembourg,C&A,RCS,B 662 051 275,TVA,
Luxembourg,bonprix.nl,RCS,métropole,TVA,
Luxembourg,Sneakids NL,RCS,,TVA,
Luxembourg,eBay - wotseriekelepelstraat,RCS,,TVA,
Luxembourg,eBay,RCS,,TVA,
Luxembourg,Toolmaster,RCS,AIX,TVA,
Luxembourg,Klium.nl,RCS,B 381 984 921,TVA,
Luxembourg,eBay - buybay_wholesale,RCS,,TVA,
Liechtenstein,Kixx Online,FL,,MWST,
Liechtenstein,bonprix.nl,FL,IRT,MWST,
Liechtenstein,Reserved,FL,,MWST,
Liechtenstein,Edisac.be,FL,,MWST,
Liechtenstein,Runnerinn.com,FL,,MWST,
Liechtenstein,Footway.com NL,FL,,MWST,
Liechtenstein,Traininn.com,FL,,MWST,
Liechtenstein,OrangeBag.nl,FL,,MWST,
Liechtenstein,Flinders,FL,,MWST,
Liechtenstein,Pitstraat.com,FL,,MWST,
Liechtenstein,iciparisxl.nl,FL,,MWST,
Liechtenstein,Vloerverwarmingzelfleggen,FL,KvK,MWST,
Liechtenstein,Parfumswinkel,FL,,MWST,
Liechtenstein,HEPF Modellbau,FL,,MWST,
Liechtenstein,Hoofs,FL,,MWST,
Liechtenstein,Juwelier Verlinden,FL,,MWST,
Liechtenstein,Babypark,FL,,MWST,
Liechtenstein,Floris van Bommel,FL,,MWST,
Liechtenstein,Delicious Vanilla,FL,168,MWST,
Liechtenstein,Titus NL,FL,,MWST,
Liechtenstein,Winparts.nl,FL,,MWST,
Liechtenstein,Deurmarkt,FL,,MWST,
Liechtenstein,Heatingworld,FL,,MWST,
Liechtenstein,Ajax Shop Official,FL,,MWST,
Liechtenstein,Techinn.com,FL,,MWST,
Liechtenstein,Beamer-winkel.nl,FL,,MWST,
Czech Republic,Bibloo.nl,IČO,,DPH,
Czech Republic,Alensa.nl,,,DPH,CZ BTW
Czech Republic,Alensa.nl,,,DPH,CZ27179681 NL BTW
Slovakia,Bibloo.nl,IČO,,DPH,
Malta,LightInTheBox,MBR,acă     naștere,VAT,
Malta,zwembroeken.nl,MBR,,VAT,
Poland,Distance.eu,KRS,,VAT,
Poland,Rotopino.nl,KRS,0000300709 PL BTW Nr,VAT,PL BTW
Poland,Rotopino.nl,KRS,0000300709 PL BTW Nr,VAT,PL9532472649
Poland,Rotopino.nl,KRS,0000300709 PL BTW Nr,VAT,PL9532472649 BTW
Belgium,Etsy - JuulviHandmade,KBO,,BTW,
Belgium,Etsy - Seller,KBO,,BTW,
Belgium,Etsy - AliciaZenobia,KBO,,BTW,
Belgium,Etsy - PrintableGiftFinds,KBO,,BTW,
Belgium,Etsy - hylandlatexmoulds,KBO,,BTW,
Belgium,Etsy - Willane,KBO,,BTW,
Belgium,Etsy - EBRUJEWELRY,KBO,,BTW,
Belgium,Etsy - CaliHipsterCo,KBO,,BTW,
Belgium,Etsy - HistoryInWatch,KBO,,BTW,
Belgium,Etsy - GalleryDemeterShop,KBO,,BTW,
Belgium,Etsy - boxroomprintshop,KBO,,BTW,
Belgium,Etsy - TheSupplyGuy,KBO,,BTW,
Belgium,Wonderbox NL,KBO,,BTW,
Belgium,Product for Product,KBO,,BTW,
Belgium,A.S.Adventure,,,BTW,BE 041680
Belgium,C&A,,,BTW,BE 040246
Belgium,boxers.nl,,,BTW,BE 071538
Belgium,Glevel.be,,,BTW,BE086473
Belgium,zwembroeken.nl,,,BTW,BE 071538
Belgium,Edisac.be,,,BTW,BE 0689 719 389
Belgium,Internet Sport and Casuals,,,BTW,BE 074034
Belgium,Levi's,,,BTW,BE 042591
Belgium,Lingerie Valentijn,,,BTW,BE78 0016 2073 3186
Belgium,Lingerie Valentijn,,,BTW,BE 089290
Belgium,DesignOnline24,,,BTW,BE050609
Belgium,vtwonen.nl,,,BTW,BE 0640753690
Belgium,PerfectLights.be,,,BTW,BE 066650
Belgium,Lezen123.nl,,,BTW,BE069809
Belgium,De Kinderplaneet,,,BTW,BE 041813
Belgium,Multibazar,,,BTW,BE60 0014 4941 0170
Belgium,Multibazar,,,BTW,BE20 3850 6312 6959
Belgium,Multibazar,,,BTW,BE46 7386 1801 7536
Belgium,Multibazar,,,BTW,BE0447077057
Belgium,Brickshop.be,,,BTW,BE0500767448 BTW
Belgium,Brickshop.be,,,BTW,BE0500767448
Belgium,Mister Spex,,,BTW,BE 0632 821 070
Belgium,Brillen24.nl,,,BTW,BE 082658
Belgium,Peter Fashion&Trends,,,BTW,BE  NL T
Belgium,Napapijri Netherlands,,,BTW,BE 040338 RPM
Belgium,Fantasy World,,,BTW,BE0758542077
Belgium,DeZwerver.nl,,,BTW,BE 0541 545 456
Belgium,HBB24,,,BTW,BE0533819209
Belgium,artencraft.nl,,,BTW,BE045539
Belgium,Toolmaster,,,BTW,BE 0459 218 289
Belgium,Toolmaster,,,BTW,BE 44 2100 4729 6545
Belgium,Klium.nl,,,BTW,BE0866903252 BTW
Belgium,Direct Repair,,,BTW,BE 083692
Belgium,Philips Hue NL,,,BTW,BE040332
Belgium,Warentuin,,,BTW,BE 073531
Belgium,Ventilatieland.be,,,BTW,BE 059477
Belgium,Babylux,,,BTW,BE 045636
Belgium,Twaiko,,,BTW,BE0734410853
Belgium,Back Market,,,BTW,BE054669
Belgium,BikeExchange,,,BTW,BE0644447808
Belgium,MegaMobile.be,,,BTW,BE 047014
Belgium,MegaMobile.be,,,BTW,BE0479
Belgium,artencraft.be,,,BTW,BE045539
Belgium,De Schouw Witgoed,,,BTW,BE 40249
Belgium,De Schouw Witgoed,,,BTW,BE24 0012 69730 9838
Belgium,Veiligkopen,,,BTW,BE08 3101 8949 1913
Belgium,Veiligkopen,,,BTW,BE0807436314
Spain,zamanonline.nl,CIF,,IVA,
Spain,Traininn.com,CIF,,IVA,
Spain,Alexnld.com,CIF,,IVA,
Spain,BeautyTheShop,CIF,,IVA,
Spain,Rinsma Modeplein,CIF,,IVA,
Spain,Wear-it! Men's Fashion,CIF,,IVA,
Spain,Elektramat BV,CIF,,IVA,
Spain,Deurenexpress,CIF,,IVA,
Spain,Agradi,CIF,,IVA,
Spain,NESPRESSO,CIF,,IVA,
Portugal,Perfumes Club NL,NIF,ESB57818197,IVA,
Portugal,Philips Hue NL,NIF,,IVA,
Portugal,Light Gallery,NIF,,IVA,
Denmark,Lampenmaster.nl,CVR,24210081,Moms,
Denmark,Coolshop.nl,,,Moms,DK26457602 VAT
Ireland,Albert Heijn,CRO,,VAT,
Ireland,Macrovet.nl,CRO,,VAT,
Ireland,Kantoorartikelen.nl,CRO,,VAT,
Sweden,Nelly.com,,,ALV,SE556653882201
Sweden,Afound.com,,,ALV,SE556892217201
Sweden,NA-KD,,,ALV,SE556971200201
Bulgaria,MyTrendyLady,,,ДДС,BG 205034841
Bulgaria,MyTrendyLady,,,DDS,BG 205034841
Hungary,dakraam-gordijn.nl,,,ÁFA,HU13543970
Italy,Arredatutto.com,,,IVA,IT05835900969
Norway,Bikester.nl,,,MVA,NO 915 305 288 MVA
